Book_03_-_The_Origins_of_the_Gods.tokenised:156					A&D/29:5
Book_01_-_The_Gods.txt:89							A&D/15:3
Book_04_-_The_Art_of_Divination.tokenised:1					A&D/15:1
Book_04_-_The_Art_of_Divination.tokenised:2					A&D/15:1
Book_04_-_The_Art_of_Divination.tokenised:3					A&D/15:2
Book_04_-_The_Art_of_Divination.tokenised:23					A&D/21:1
Book_05_-_The_Omens.txt:1							A&D/160:1
Book_05_-_The_Omens.txt:2							A&D/160:2
Book_05_-_The_Omens.txt:3							A&D/160:3
Book_05_-_The_Omens.txt:4							A&D/160:3
Book_05_-_The_Omens.txt:5							A&D/160:4
Book_05_-_The_Omens.txt:6							A&D/160:4
Book_05_-_The_Omens.txt:7							A&D/161:1
Book_05_-_The_Omens.txt:8							A&D/161:2
Book_05_-_The_Omens.txt:9							A&D/161:2
Book_05_-_The_Omens.txt:10							A&D/161:2
Book_05_-_The_Omens.txt:11							A&D/161:2
Book_05_-_The_Omens.txt:12							A&D/161:3
Book_05_-_The_Omens.txt:13							A&D/162:1
Book_05_-_The_Omens.txt:14							A&D/162:2
Book_05_-_The_Omens.txt:15							A&D/162:3
Book_05_-_The_Omens.txt:16							A&D/162:4
Book_05_-_The_Omens.txt:17							A&D/162:4
Book_05_-_The_Omens.txt:18							A&D/162:4
Book_05_-_The_Omens.txt:19							A&D/163:2
Book_05_-_The_Omens.txt:20							A&D/163:3
Book_05_-_The_Omens.txt:21							A&D/163:5
Book_05_-_The_Omens.txt:22							A&D/164:1
Book_05_-_The_Omens.txt:23							A&D/164:2
Book_05_-_The_Omens.txt:24							A&D/164:3
Book_05_-_The_Omens.txt:25							A&D/164:4
Book_05_-_The_Omens.txt:26							A&D/165:1
Book_05_-_The_Omens.txt:27							A&D/165:2
Book_05_-_The_Omens.txt:28							A&D/165:2
Book_05_-_The_Omens.txt:29							A&D/165:3
Book_05_-_The_Omens.txt:30							A&D/165:3
Book_05_-_The_Omens.txt:31							A&D/165:4
Book_05_-_The_Omens.txt:32							A&D/165:5
Book_05_-_The_Omens.txt:33							A&D/166:1
Book_05_-_The_Omens.txt:34							A&D/166:2
Book_05_-_The_Omens.txt:35							A&D/166:3
Book_05_-_The_Omens.txt:36							A&D/166:4
Book_05_-_The_Omens.txt:37							A&D/166:4
Book_05_-_The_Omens.txt:38							A&D/166:4
Book_05_-_The_Omens.txt:39							A&D/166:5
Book_05_-_The_Omens.txt:40							A&D/168:1
Book_05_-_The_Omens.txt:41							A&D/168:2
Book_05_-_The_Omens.txt:42							A&D/168:3
Book_05_-_The_Omens.txt:43							A&D/169:1
Book_05_-_The_Omens.txt:44							A&D/169:2
Book_05_-_The_Omens.txt:45							A&D/169:2
Book_05_-_The_Omens.txt:46							A&D/169:3
Book_05_-_The_Omens.txt:47							A&D/169:4
Book_05_-_The_Omens.txt:48							A&D/169:5
Book_05_-_The_Omens.txt:49							A&D/169:5
Book_05_-_The_Omens.txt:50							A&D/169:6
Book_05_-_The_Omens.txt:51							A&D/170:1
Book_05_-_The_Omens.txt:52							A&D/170:3
Book_05_-_The_Omens.txt:53							A&D/170:4
Book_05_-_The_Omens.txt:54							A&D/170:4
Book_05_-_The_Omens.txt:55							A&D/170:4
Book_05_-_The_Omens.txt:56							A&D/171:1
Book_05_-_The_Omens.txt:57							A&D/171:2
Book_05_-_The_Omens.txt:58							A&D/171:3
Book_05_-_The_Omens.txt:59							A&D/172:1
Book_05_-_The_Omens.txt:60							A&D/172:2
Book_05_-_The_Omens.txt:61							A&D/172:3
Book_05_-_The_Omens.txt:62							A&D/172:4
Book_05_-_The_Omens.txt:63							A&D/172:5
Book_05_-_The_Omens.txt:64							A&D/172:6
Book_05_-_The_Omens.txt:65							A&D/172:7
Book_05_-_The_Omens.txt:66							A&D/173:1
Book_05_-_The_Omens.txt:67							A&D/173:1
Book_05_-_The_Omens.txt:68							A&D/174:1
Book_05_-_The_Omens.txt:69							A&D/174:2
Book_05_-_The_Omens.txt:70							A&D/174:3
Book_05_-_The_Omens.txt:71							A&D/174:4
Book_05_-_The_Omens.txt:72							A&D/174:5
Book_05_-_The_Omens.txt:73							A&D/175:1
Book_05_-_The_Omens.txt:74							A&D/175:2
Book_05_-_The_Omens.txt:75							A&D/175:3
Book_05_-_The_Omens.txt:76							A&D/175:4
Book_05_-_The_Omens.txt:77							A&D/175:4
Book_05_-_The_Omens.txt:78							A&D/175:5
Book_05_-_The_Omens.txt:79							A&D/176:1
Book_05_-_The_Omens.txt:80							A&D/176:2
Book_05_-_The_Omens.txt:81							A&D/176:3
Book_05_-_The_Omens.txt:82							A&D/176:4
Book_05_-_The_Omens.txt:83							A&D/176:5
Book_05_-_The_Omens.txt:84							A&D/177:1
Book_05_-_The_Omens.txt:85							A&D/177:2
Book_05_-_The_Omens.txt:86							A&D/177:3
Book_05_-_The_Omens.txt:87							A&D/177:4
Book_05_-_The_Omens.txt:88							A&D/177:5
Book_05_-_The_Omens.txt:89							A&D/177:6
Book_05_-_The_Omens.txt:90							A&D/179:1
Book_05_-_The_Omens.txt:91							A&D/179:2
Book_05_-_The_Omens.txt:92							A&D/179:3
Book_05_-_The_Omens.txt:93							A&D/179:3
Book_05_-_The_Omens.txt:94							A&D/179:6
Book_05_-_The_Omens.txt:95							A&D/180:1
Book_05_-_The_Omens.txt:96							A&D/180:2
Book_05_-_The_Omens.txt:97							A&D/180:2
Book_05_-_The_Omens.txt:98							A&D/180:3
Book_05_-_The_Omens.txt:99							A&D/180:4
Book_05_-_The_Omens.txt:100							A&D/180:5
Book_05_-_The_Omens.txt:101							A&D/180:6
Book_05_-_The_Omens.txt:102							A&D/180:7
Book_05_-_The_Omens.txt:103							A&D/180:8
Book_05_-_The_Omens.txt:104							A&D/180:9
Book_07_-_The_Sun,_Moon,_Stars,_and_the_Binding_of_the_Years.tokenised:1	A&D/8:1
Book_07_-_The_Sun,_Moon,_Stars,_and_the_Binding_of_the_Years.tokenised:2	A&D/8:2
Book_07_-_The_Sun,_Moon,_Stars,_and_the_Binding_of_the_Years.tokenised:3	A&D/8:3
Book_07_-_The_Sun,_Moon,_Stars,_and_the_Binding_of_the_Years.tokenised:4	A&D/8:4
Book_07_-_The_Sun,_Moon,_Stars,_and_the_Binding_of_the_Years.tokenised:5	A&D/8:5
Book_07_-_The_Sun,_Moon,_Stars,_and_the_Binding_of_the_Years.tokenised:6	A&D/8:5
Book_07_-_The_Sun,_Moon,_Stars,_and_the_Binding_of_the_Years.tokenised:7	A&D/8:5
Book_07_-_The_Sun,_Moon,_Stars,_and_the_Binding_of_the_Years.tokenised:8	A&D/8:5
Book_07_-_The_Sun,_Moon,_Stars,_and_the_Binding_of_the_Years.tokenised:9	A&D/8:6
Book_07_-_The_Sun,_Moon,_Stars,_and_the_Binding_of_the_Years.tokenised:10	A&D/8:6
Book_07_-_The_Sun,_Moon,_Stars,_and_the_Binding_of_the_Years.tokenised:11	A&D/8:6
Book_07_-_The_Sun,_Moon,_Stars,_and_the_Binding_of_the_Years.tokenised:12	A&D/9:1
Book_07_-_The_Sun,_Moon,_Stars,_and_the_Binding_of_the_Years.tokenised:13	A&D/9:2
Book_07_-_The_Sun,_Moon,_Stars,_and_the_Binding_of_the_Years.tokenised:14	A&D/10:1
Book_07_-_The_Sun,_Moon,_Stars,_and_the_Binding_of_the_Years.tokenised:15	A&D/10:2
Book_07_-_The_Sun,_Moon,_Stars,_and_the_Binding_of_the_Years.tokenised:16	A&D/10:3
Book_07_-_The_Sun,_Moon,_Stars,_and_the_Binding_of_the_Years.tokenised:17	A&D/10:3
Book_07_-_The_Sun,_Moon,_Stars,_and_the_Binding_of_the_Years.tokenised:18	A&D/10:3
Book_07_-_The_Sun,_Moon,_Stars,_and_the_Binding_of_the_Years.tokenised:19	A&D/10:4
Book_07_-_The_Sun,_Moon,_Stars,_and_the_Binding_of_the_Years.tokenised:20	A&D/10:5
Book_07_-_The_Sun,_Moon,_Stars,_and_the_Binding_of_the_Years.tokenised:21	A&D/10:5
Book_07_-_The_Sun,_Moon,_Stars,_and_the_Binding_of_the_Years.tokenised:22	A&D/10:6
Book_07_-_The_Sun,_Moon,_Stars,_and_the_Binding_of_the_Years.tokenised:23	A&D/10:6
Book_07_-_The_Sun,_Moon,_Stars,_and_the_Binding_of_the_Years.tokenised:24	A&D/11:2
Book_07_-_The_Sun,_Moon,_Stars,_and_the_Binding_of_the_Years.tokenised:25	A&D/11:3
Book_07_-_The_Sun,_Moon,_Stars,_and_the_Binding_of_the_Years.tokenised:26	A&D/11:4
Book_07_-_The_Sun,_Moon,_Stars,_and_the_Binding_of_the_Years.tokenised:27	A&D/11:4
Book_07_-_The_Sun,_Moon,_Stars,_and_the_Binding_of_the_Years.tokenised:28	A&D/11:5
Book_07_-_The_Sun,_Moon,_Stars,_and_the_Binding_of_the_Years.tokenised:29	A&D/11:6
Book_07_-_The_Sun,_Moon,_Stars,_and_the_Binding_of_the_Years.tokenised:30	A&D/11:7
Book_07_-_The_Sun,_Moon,_Stars,_and_the_Binding_of_the_Years.tokenised:31	A&D/11:7
Book_07_-_The_Sun,_Moon,_Stars,_and_the_Binding_of_the_Years.tokenised:32	A&D/11:7
Book_07_-_The_Sun,_Moon,_Stars,_and_the_Binding_of_the_Years.tokenised:33	A&D/11:7
Book_07_-_The_Sun,_Moon,_Stars,_and_the_Binding_of_the_Years.tokenised:33	A&D/11:8
Book_07_-_The_Sun,_Moon,_Stars,_and_the_Binding_of_the_Years.tokenised:34	A&D/11:8
Book_07_-_The_Sun,_Moon,_Stars,_and_the_Binding_of_the_Years.tokenised:35	A&D/11:8
Book_07_-_The_Sun,_Moon,_Stars,_and_the_Binding_of_the_Years.tokenised:36	A&D/11:9
Book_07_-_The_Sun,_Moon,_Stars,_and_the_Binding_of_the_Years.tokenised:37	A&D/11:9
Book_07_-_The_Sun,_Moon,_Stars,_and_the_Binding_of_the_Years.tokenised:38	A&D/11:9
Book_07_-_The_Sun,_Moon,_Stars,_and_the_Binding_of_the_Years.tokenised:39	A&D/12:1
Book_07_-_The_Sun,_Moon,_Stars,_and_the_Binding_of_the_Years.tokenised:40	A&D/12:1
Book_07_-_The_Sun,_Moon,_Stars,_and_the_Binding_of_the_Years.tokenised:41	A&D/12:2
Book_07_-_The_Sun,_Moon,_Stars,_and_the_Binding_of_the_Years.tokenised:42	A&D/12:2
Book_07_-_The_Sun,_Moon,_Stars,_and_the_Binding_of_the_Years.tokenised:43	A&D/12:3
Book_07_-_The_Sun,_Moon,_Stars,_and_the_Binding_of_the_Years.tokenised:44	A&D/12:3
Book_07_-_The_Sun,_Moon,_Stars,_and_the_Binding_of_the_Years.tokenised:45	A&D/12:3
Book_07_-_The_Sun,_Moon,_Stars,_and_the_Binding_of_the_Years.tokenised:46	A&D/12:4
Book_07_-_The_Sun,_Moon,_Stars,_and_the_Binding_of_the_Years.tokenised:47	A&D/12:4
Book_07_-_The_Sun,_Moon,_Stars,_and_the_Binding_of_the_Years.tokenised:48	A&D/12:4
Book_07_-_The_Sun,_Moon,_Stars,_and_the_Binding_of_the_Years.tokenised:49	A&D/12:5
Book_07_-_The_Sun,_Moon,_Stars,_and_the_Binding_of_the_Years.tokenised:50	A&D/13:2
Book_07_-_The_Sun,_Moon,_Stars,_and_the_Binding_of_the_Years.tokenised:51	A&D/13:2
Book_07_-_The_Sun,_Moon,_Stars,_and_the_Binding_of_the_Years.tokenised:52	A&D/13:2
Book_07_-_The_Sun,_Moon,_Stars,_and_the_Binding_of_the_Years.tokenised:53	A&D/13:3
Book_07_-_The_Sun,_Moon,_Stars,_and_the_Binding_of_the_Years.tokenised:54	A&D/13:4
Book_07_-_The_Sun,_Moon,_Stars,_and_the_Binding_of_the_Years.tokenised:55	A&D/13:5
Book_07_-_The_Sun,_Moon,_Stars,_and_the_Binding_of_the_Years.tokenised:56	A&D/13:5
Book_07_-_The_Sun,_Moon,_Stars,_and_the_Binding_of_the_Years.tokenised:57	A&D/13:5
Book_07_-_The_Sun,_Moon,_Stars,_and_the_Binding_of_the_Years.tokenised:58	A&D/14:1
Book_07_-_The_Sun,_Moon,_Stars,_and_the_Binding_of_the_Years.tokenised:59	A&D/14:1
Book_07_-_The_Sun,_Moon,_Stars,_and_the_Binding_of_the_Years.tokenised:60	A&D/14:1
Book_07_-_The_Sun,_Moon,_Stars,_and_the_Binding_of_the_Years.tokenised:61	A&D/14:2
Book_07_-_The_Sun,_Moon,_Stars,_and_the_Binding_of_the_Years.tokenised:62	A&D/14:3
Book_07_-_The_Sun,_Moon,_Stars,_and_the_Binding_of_the_Years.tokenised:63	A&D/14:4
Book_07_-_The_Sun,_Moon,_Stars,_and_the_Binding_of_the_Years.tokenised:64	A&D/14:4
Book_07_-_The_Sun,_Moon,_Stars,_and_the_Binding_of_the_Years.tokenised:65	A&D/14:4
Book_07_-_The_Sun,_Moon,_Stars,_and_the_Binding_of_the_Years.tokenised:66	A&D/14:5
Book_07_-_The_Sun,_Moon,_Stars,_and_the_Binding_of_the_Years.tokenised:67	A&D/14:5
Book_07_-_The_Sun,_Moon,_Stars,_and_the_Binding_of_the_Years.tokenised:68	A&D/14:5
Book_07_-_The_Sun,_Moon,_Stars,_and_the_Binding_of_the_Years.tokenised:69	A&D/14:5
Book_07_-_The_Sun,_Moon,_Stars,_and_the_Binding_of_the_Years.tokenised:70	A&D/14:5
Book_07_-_The_Sun,_Moon,_Stars,_and_the_Binding_of_the_Years.tokenised:71	A&D/14:5
Book_07_-_The_Sun,_Moon,_Stars,_and_the_Binding_of_the_Years.tokenised:72	A&D/14:5
Book_07_-_The_Sun,_Moon,_Stars,_and_the_Binding_of_the_Years.tokenised:73	A&D/14:5
Book_07_-_The_Sun,_Moon,_Stars,_and_the_Binding_of_the_Years.tokenised:74	A&D/15:1
Book_07_-_The_Sun,_Moon,_Stars,_and_the_Binding_of_the_Years.tokenised:85	A&D/15:5
Book_07_-_The_Sun,_Moon,_Stars,_and_the_Binding_of_the_Years.tokenised:86	A&D/15:6
Book_07_-_The_Sun,_Moon,_Stars,_and_the_Binding_of_the_Years.tokenised:87	A&D/15:6
Book_07_-_The_Sun,_Moon,_Stars,_and_the_Binding_of_the_Years.tokenised:88	A&D/16:1
Book_07_-_The_Sun,_Moon,_Stars,_and_the_Binding_of_the_Years.tokenised:89	A&D/16:1
Book_07_-_The_Sun,_Moon,_Stars,_and_the_Binding_of_the_Years.tokenised:90	A&D/17:1
Book_07_-_The_Sun,_Moon,_Stars,_and_the_Binding_of_the_Years.tokenised:91	A&D/17:2
Book_07_-_The_Sun,_Moon,_Stars,_and_the_Binding_of_the_Years.tokenised:92	A&D/18:1
Book_07_-_The_Sun,_Moon,_Stars,_and_the_Binding_of_the_Years.tokenised:101	A&D/19:1
Book_07_-_The_Sun,_Moon,_Stars,_and_the_Binding_of_the_Years.tokenised:102	A&D/19:2
Book_07_-_The_Sun,_Moon,_Stars,_and_the_Binding_of_the_Years.tokenised:103	A&D/19:3
Book_07_-_The_Sun,_Moon,_Stars,_and_the_Binding_of_the_Years.tokenised:104	A&D/19:3
Book_07_-_The_Sun,_Moon,_Stars,_and_the_Binding_of_the_Years.tokenised:105	A&D/19:4
Book_07_-_The_Sun,_Moon,_Stars,_and_the_Binding_of_the_Years.tokenised:106	A&D/19:5
Book_07_-_The_Sun,_Moon,_Stars,_and_the_Binding_of_the_Years.tokenised:107	A&D/19:5
Book_07_-_The_Sun,_Moon,_Stars,_and_the_Binding_of_the_Years.tokenised:108	A&D/19:6
Book_07_-_The_Sun,_Moon,_Stars,_and_the_Binding_of_the_Years.tokenised:109	A&D/19:7
Book_07_-_The_Sun,_Moon,_Stars,_and_the_Binding_of_the_Years.tokenised:110	A&D/19:8
Book_07_-_The_Sun,_Moon,_Stars,_and_the_Binding_of_the_Years.tokenised:111	A&D/19:9
Book_07_-_The_Sun,_Moon,_Stars,_and_the_Binding_of_the_Years.tokenised:112	A&D/19:10
Book_07_-_The_Sun,_Moon,_Stars,_and_the_Binding_of_the_Years.tokenised:113	A&D/20:1
Book_07_-_The_Sun,_Moon,_Stars,_and_the_Binding_of_the_Years.tokenised:114	A&D/20:2
Book_07_-_The_Sun,_Moon,_Stars,_and_the_Binding_of_the_Years.tokenised:115	A&D/20:2
Book_07_-_The_Sun,_Moon,_Stars,_and_the_Binding_of_the_Years.tokenised:116	A&D/20:2
Book_07_-_The_Sun,_Moon,_Stars,_and_the_Binding_of_the_Years.tokenised:117	A&D/20:3
Book_07_-_The_Sun,_Moon,_Stars,_and_the_Binding_of_the_Years.tokenised:118	A&D/20:3
Book_07_-_The_Sun,_Moon,_Stars,_and_the_Binding_of_the_Years.tokenised:119	A&D/20:3
Book_07_-_The_Sun,_Moon,_Stars,_and_the_Binding_of_the_Years.tokenised:120	A&D/20:4
Book_07_-_The_Sun,_Moon,_Stars,_and_the_Binding_of_the_Years.tokenised:121	A&D/20:4
Book_07_-_The_Sun,_Moon,_Stars,_and_the_Binding_of_the_Years.tokenised:122	A&D/20:4
Book_07_-_The_Sun,_Moon,_Stars,_and_the_Binding_of_the_Years.tokenised:123	A&D/20:5
Book_07_-_The_Sun,_Moon,_Stars,_and_the_Binding_of_the_Years.tokenised:124	A&D/20:5
Book_07_-_The_Sun,_Moon,_Stars,_and_the_Binding_of_the_Years.tokenised:125	A&D/20:5
Book_07_-_The_Sun,_Moon,_Stars,_and_the_Binding_of_the_Years.tokenised:126	A&D/21:1
Book_07_-_The_Sun,_Moon,_Stars,_and_the_Binding_of_the_Years.tokenised:127	A&D/21:2
Book_07_-_The_Sun,_Moon,_Stars,_and_the_Binding_of_the_Years.tokenised:128	A&D/21:2
Book_07_-_The_Sun,_Moon,_Stars,_and_the_Binding_of_the_Years.tokenised:129	A&D/22:1
Book_07_-_The_Sun,_Moon,_Stars,_and_the_Binding_of_the_Years.tokenised:130	A&D/22:2
Book_07_-_The_Sun,_Moon,_Stars,_and_the_Binding_of_the_Years.tokenised:131	A&D/22:2
Book_07_-_The_Sun,_Moon,_Stars,_and_the_Binding_of_the_Years.tokenised:132	A&D/22:3
Book_07_-_The_Sun,_Moon,_Stars,_and_the_Binding_of_the_Years.tokenised:133	A&D/22:5
Book_07_-_The_Sun,_Moon,_Stars,_and_the_Binding_of_the_Years.tokenised:134	A&D/22:5
Book_07_-_The_Sun,_Moon,_Stars,_and_the_Binding_of_the_Years.tokenised:135	A&D/23:1
Book_07_-_The_Sun,_Moon,_Stars,_and_the_Binding_of_the_Years.tokenised:136	A&D/23:2
Book_07_-_The_Sun,_Moon,_Stars,_and_the_Binding_of_the_Years.tokenised:137	A&D/23:3
Book_07_-_The_Sun,_Moon,_Stars,_and_the_Binding_of_the_Years.tokenised:138	A&D/23:4
Book_07_-_The_Sun,_Moon,_Stars,_and_the_Binding_of_the_Years.tokenised:139	A&D/23:4
Book_07_-_The_Sun,_Moon,_Stars,_and_the_Binding_of_the_Years.tokenised:140	A&D/23:5
Book_07_-_The_Sun,_Moon,_Stars,_and_the_Binding_of_the_Years.tokenised:141	A&D/23:5
Book_07_-_The_Sun,_Moon,_Stars,_and_the_Binding_of_the_Years.tokenised:142	A&D/23:6
Book_07_-_The_Sun,_Moon,_Stars,_and_the_Binding_of_the_Years.tokenised:143	A&D/23:6
Book_07_-_The_Sun,_Moon,_Stars,_and_the_Binding_of_the_Years.tokenised:144	A&D/24:1
Book_07_-_The_Sun,_Moon,_Stars,_and_the_Binding_of_the_Years.tokenised:145	A&D/
Book_07_-_The_Sun,_Moon,_Stars,_and_the_Binding_of_the_Years.tokenised:146	A&D/
Book_07_-_The_Sun,_Moon,_Stars,_and_the_Binding_of_the_Years.tokenised:147	A&D/
Book_07_-_The_Sun,_Moon,_Stars,_and_the_Binding_of_the_Years.tokenised:148	A&D/
Book_07_-_The_Sun,_Moon,_Stars,_and_the_Binding_of_the_Years.tokenised:149	A&D/
Book_07_-_The_Sun,_Moon,_Stars,_and_the_Binding_of_the_Years.tokenised:150	A&D/
Book_07_-_The_Sun,_Moon,_Stars,_and_the_Binding_of_the_Years.tokenised:151	A&D/
Book_07_-_The_Sun,_Moon,_Stars,_and_the_Binding_of_the_Years.tokenised:152	A&D/
Book_07_-_The_Sun,_Moon,_Stars,_and_the_Binding_of_the_Years.tokenised:153	A&D/
Book_07_-_The_Sun,_Moon,_Stars,_and_the_Binding_of_the_Years.tokenised:154	A&D/
Book_07_-_The_Sun,_Moon,_Stars,_and_the_Binding_of_the_Years.tokenised:155	A&D/
Book_07_-_The_Sun,_Moon,_Stars,_and_the_Binding_of_the_Years.tokenised:156	A&D/
Book_07_-_The_Sun,_Moon,_Stars,_and_the_Binding_of_the_Years.tokenised:157	A&D/26:1
Book_07_-_The_Sun,_Moon,_Stars,_and_the_Binding_of_the_Years.tokenised:158	A&D/
Book_07_-_The_Sun,_Moon,_Stars,_and_the_Binding_of_the_Years.tokenised:159	A&D/
Book_07_-_The_Sun,_Moon,_Stars,_and_the_Binding_of_the_Years.tokenised:160	A&D/
Book_07_-_The_Sun,_Moon,_Stars,_and_the_Binding_of_the_Years.tokenised:161	A&D/
Book_07_-_The_Sun,_Moon,_Stars,_and_the_Binding_of_the_Years.tokenised:162	A&D/
Book_07_-_The_Sun,_Moon,_Stars,_and_the_Binding_of_the_Years.tokenised:163	A&D/
Book_07_-_The_Sun,_Moon,_Stars,_and_the_Binding_of_the_Years.tokenised:164	A&D/
Book_07_-_The_Sun,_Moon,_Stars,_and_the_Binding_of_the_Years.tokenised:165	A&D/
Book_07_-_The_Sun,_Moon,_Stars,_and_the_Binding_of_the_Years.tokenised:166	A&D/
Book_07_-_The_Sun,_Moon,_Stars,_and_the_Binding_of_the_Years.tokenised:167	A&D/
Book_07_-_The_Sun,_Moon,_Stars,_and_the_Binding_of_the_Years.tokenised:168	A&D/
Book_07_-_The_Sun,_Moon,_Stars,_and_the_Binding_of_the_Years.tokenised:169	A&D/
Book_07_-_The_Sun,_Moon,_Stars,_and_the_Binding_of_the_Years.tokenised:170	A&D/
Book_07_-_The_Sun,_Moon,_Stars,_and_the_Binding_of_the_Years.tokenised:171	A&D/28:1
Book_07_-_The_Sun,_Moon,_Stars,_and_the_Binding_of_the_Years.tokenised:172	A&D/
Book_07_-_The_Sun,_Moon,_Stars,_and_the_Binding_of_the_Years.tokenised:173	A&D/
Book_07_-_The_Sun,_Moon,_Stars,_and_the_Binding_of_the_Years.tokenised:174	A&D/
Book_07_-_The_Sun,_Moon,_Stars,_and_the_Binding_of_the_Years.tokenised:175	A&D/29:2
Book_07_-_The_Sun,_Moon,_Stars,_and_the_Binding_of_the_Years.tokenised:176	A&D/29:3
Book_07_-_The_Sun,_Moon,_Stars,_and_the_Binding_of_the_Years.tokenised:177	A&D/29:4
Book_07_-_The_Sun,_Moon,_Stars,_and_the_Binding_of_the_Years.tokenised:178	A&D/29:5
Book_07_-_The_Sun,_Moon,_Stars,_and_the_Binding_of_the_Years.tokenised:179	A&D/30:1
Book_07_-_The_Sun,_Moon,_Stars,_and_the_Binding_of_the_Years.tokenised:180	A&D/
Book_07_-_The_Sun,_Moon,_Stars,_and_the_Binding_of_the_Years.tokenised:181	A&D/
Book_07_-_The_Sun,_Moon,_Stars,_and_the_Binding_of_the_Years.tokenised:182	A&D/
Book_07_-_The_Sun,_Moon,_Stars,_and_the_Binding_of_the_Years.tokenised:183	A&D/
Book_07_-_The_Sun,_Moon,_Stars,_and_the_Binding_of_the_Years.tokenised:184	A&D/
Book_07_-_The_Sun,_Moon,_Stars,_and_the_Binding_of_the_Years.tokenised:185	A&D/
Book_07_-_The_Sun,_Moon,_Stars,_and_the_Binding_of_the_Years.tokenised:186	A&D/
Book_07_-_The_Sun,_Moon,_Stars,_and_the_Binding_of_the_Years.tokenised:187	A&D/32:1
Book_07_-_The_Sun,_Moon,_Stars,_and_the_Binding_of_the_Years.tokenised:188	A&D/
Book_07_-_The_Sun,_Moon,_Stars,_and_the_Binding_of_the_Years.tokenised:189	A&D/
Book_07_-_The_Sun,_Moon,_Stars,_and_the_Binding_of_the_Years.tokenised:190	A&D/
Book_07_-_The_Sun,_Moon,_Stars,_and_the_Binding_of_the_Years.tokenised:191	A&D/
Book_07_-_The_Sun,_Moon,_Stars,_and_the_Binding_of_the_Years.tokenised:192	A&D/
Book_07_-_The_Sun,_Moon,_Stars,_and_the_Binding_of_the_Years.tokenised:193	A&D/
Book_07_-_The_Sun,_Moon,_Stars,_and_the_Binding_of_the_Years.tokenised:194	A&D/
Book_07_-_The_Sun,_Moon,_Stars,_and_the_Binding_of_the_Years.tokenised:195	A&D/
Book_07_-_The_Sun,_Moon,_Stars,_and_the_Binding_of_the_Years.tokenised:196	A&D/34:1
Book_07_-_The_Sun,_Moon,_Stars,_and_the_Binding_of_the_Years.tokenised:197	A&D/34:2
Book_07_-_The_Sun,_Moon,_Stars,_and_the_Binding_of_the_Years.tokenised:198	A&D/34:3
Book_07_-_The_Sun,_Moon,_Stars,_and_the_Binding_of_the_Years.tokenised:199	A&D/34:3
Book_07_-_The_Sun,_Moon,_Stars,_and_the_Binding_of_the_Years.tokenised:200	A&D/34:3
Book_07_-_The_Sun,_Moon,_Stars,_and_the_Binding_of_the_Years.tokenised:201	A&D/34:4
Book_07_-_The_Sun,_Moon,_Stars,_and_the_Binding_of_the_Years.tokenised:202	A&D/34:4
Book_07_-_The_Sun,_Moon,_Stars,_and_the_Binding_of_the_Years.tokenised:203	A&D/36:1
Book_07_-_The_Sun,_Moon,_Stars,_and_the_Binding_of_the_Years.tokenised:204	A&D/36:2
Book_07_-_The_Sun,_Moon,_Stars,_and_the_Binding_of_the_Years.tokenised:205	A&D/36:2
Book_07_-_The_Sun,_Moon,_Stars,_and_the_Binding_of_the_Years.tokenised:206	A&D/36:3
Book_07_-_The_Sun,_Moon,_Stars,_and_the_Binding_of_the_Years.tokenised:207	A&D/36:3
Book_07_-_The_Sun,_Moon,_Stars,_and_the_Binding_of_the_Years.tokenised:208	A&D/36:4
Book_07_-_The_Sun,_Moon,_Stars,_and_the_Binding_of_the_Years.tokenised:209	A&D/36:5
Book_07_-_The_Sun,_Moon,_Stars,_and_the_Binding_of_the_Years.tokenised:210	A&D/36:5
Book_07_-_The_Sun,_Moon,_Stars,_and_the_Binding_of_the_Years.tokenised:211	A&D/36:6
Book_07_-_The_Sun,_Moon,_Stars,_and_the_Binding_of_the_Years.tokenised:212	A&D/36:6
Book_09_-_The_Merchants.tokenised:1						A&D/12:1
Book_09_-_The_Merchants.tokenised:2						A&D/12:2
Book_09_-_The_Merchants.tokenised:3						A&D/12:3
Book_09_-_The_Merchants.tokenised:5						A&D/13:1
Book_09_-_The_Merchants.tokenised:10						A&D/14:1
Book_09_-_The_Merchants.tokenised:110						A&D/28:1
Book_09_-_The_Merchants.tokenised:507						A&D/111:5
Book_10_-_The_People.tokenised:1						A&D/14:1
Book_10_-_The_People.tokenised:2						A&D/14:2
Book_12_-_The_Conquest_of_Mexico.tokenised:1					A&D/17:1
Book_12_-_The_Conquest_of_Mexico.tokenised:2					A&D/17:2
Book_12_-_The_Conquest_of_Mexico.tokenised:3					A&D/17:3
Book_12_-_The_Conquest_of_Mexico.tokenised:4					A&D/18:1
Book_12_-_The_Conquest_of_Mexico.tokenised:5					A&D/18:2
Book_12_-_The_Conquest_of_Mexico.tokenised:6					A&D/18:2
Book_12_-_The_Conquest_of_Mexico.tokenised:7					A&D/18:3
Book_12_-_The_Conquest_of_Mexico.tokenised:8					A&D/18:4
Book_12_-_The_Conquest_of_Mexico.tokenised:9					A&D/18:5
Book_12_-_The_Conquest_of_Mexico.tokenised:10					A&D/18:6
Book_12_-_The_Conquest_of_Mexico.tokenised:11					A&D/18:6
Book_12_-_The_Conquest_of_Mexico.tokenised:12					A&D/19:1
Book_12_-_The_Conquest_of_Mexico.tokenised:13					A&D/19:2
Book_12_-_The_Conquest_of_Mexico.tokenised:14					A&D/19:2
Book_12_-_The_Conquest_of_Mexico.tokenised:15					A&D/19:2
Book_12_-_The_Conquest_of_Mexico.tokenised:16					A&D/19:2
Book_12_-_The_Conquest_of_Mexico.tokenised:17					A&D/19:3
Book_12_-_The_Conquest_of_Mexico.tokenised:18					A&D/20:1
Book_12_-_The_Conquest_of_Mexico.tokenised:19					A&D/20:2
Book_12_-_The_Conquest_of_Mexico.tokenised:51					A&D/25:1
Book_12_-_The_Conquest_of_Mexico.tokenised:59					A&D/27:3
Book_12_-_The_Conquest_of_Mexico.tokenised:68					A&D/28:1
Book_12_-_The_Conquest_of_Mexico.tokenised:72					A&D/28:6
Book_12_-_The_Conquest_of_Mexico.tokenised:80					A&D/30:2
