# FORM			LEMMA			UPOS		UFEATS		MISC
aca			_			DET		_		_
aca			_			PRON		_		_
altepetl		altepetl		NOUN			_		_
amo			_			ADV		_		Gloss=no
amoxtli			amoxtli			NOUN		_		Gloss=libro
anoce			_			CCONJ		_		_
anozo			_			ADV		_		_
ayocac			_			PRON		_		_
aquin			aquin			PRON		_		_
auh			_			CCONJ		_		Gloss=y
azo			_			ADV		_		Gloss=quizás
calaquiz		calaqui			VERB		_		_
capítulo		capítulo		NOUN			_		_
caquiztia		caqui			VERB		_		_
catca			catqui			VERB		_		_
cateh			catqui			VERB		_		_
centlapachton		_			NOUN		_		_
chicahuac		chicahuac		ADJ		_		_
ce			ce			NUM		_		Glos=uno
chicome			chicome			NUM		_		Gloss=siete
chicuacen		chicuacen		NUM		_		Gloss=seis
chicueyi		chicueyi		NUM		_		Gloss=ocho
choca			choca			VERB		_		_
chocaya			choca			VERB		_		_
cintanaton		_			NOUN		_		_
coyotl			coyotl			NOUN		_		Gloss=coyote
cualcan			cualcan			ADV		_		_
cuitlapanton		_			NOUN		_		_
españoles		español			NOUN		_		_
eyi			eyi			NUM		_		Gloss=tres
gobernadores		gobernador		NOUN			_		_
horas			hora			NOUN		_		_
ic			ic			ADV		_		_
ichan			_			NOUN		_		Gloss=su.casa	
icamac			camac			NOUN		_		_
ichtecque		_			NOUN		_		_
icnoyotl		icnoyotl		NOUN		_		Gloss=pobreza
ihcuac			ihcuac			SCONJ		_		Gloss=cuando
ihuan			huan			NOUN		NounType=Relat	Gloss=con
ihuin			_			ADV		_		_
ihui			_			ADV		_		_
ilama			ilama			NOUN		_		_
in			in			DET		_		_
in			in			SCONJ		_		_
inextitlan		_			NOUN		_		_
inic			inic			SCONJ		_		_
inin			_			DET		_		_
inin			_			PRON		_		_
inpan			pan			NOUN		NounType=Relat	_
topan			pan			NOUN		NounType=Relat	_
ipan			pan			NOUN		NounType=Relat	_
itech			tech			NOUN		NounType=Relat	_
intech			tech			NOUN		NounType=Relat	_
quimati			_			VERB		_		_
itechpa			techpa			NOUN		NounType=Relat		_
intechpa		techpa			NOUN		NounType=Relat		_
itecuillan		_			NOUN		_		_
itoca			toca			NOUN		_		Gloss=su.nombre	
iuh			_			ADV		_		_
iuhqui			_			ADV		_		Gloss=así
iuhquin			_			ADV		_		Gloss=así
ixpan			ixpan			ADV		_		_
macuilli		macuilli		NUM		_		Gloss=cinco
matlactli		matlactli		NUM		_		Gloss=diez
mayordomos		mayordomo		NOUN			_		_
mihtoa			ihtoa			VERB		_		_
mihtohuaya		ihtoa			VERB		_		_
miiecpa			miiecpa			ADV		_		Gloss=muchas.veces
miquiz			miqui			VERB		_		_
mocaqui			caqui			VERB		_		_
mochi			mochi			DET		_		_
mochi			mochi			PRON		_		_
mochihuaz		chihua			VERB		_		_
mochihua		chihua			VERB		_		_
mochiuh			chihua			VERB		_		_
monamacaz		namaca			VERB		_		_
moteneoa		_			VERB		_		_
moztla			moztla			ADV		_		Gloss=mañana
nahuati			_			VERB		_		_
nahui			nahui			NUM		_		Gloss=cuatro
nican			nican			ADV		_		Gloss=aquí
nicchihuaz		chihua			VERB		_		_
niman			niman			ADV		_		_
nimitzmaca		maca			VERB		_		_
niquitta		itta			VERB		_		_
no			no			ADV		_		Gloss=también
occequi			occequi			DET		_		Gloss=unos
ohtlica			_			ADV		_		Gloss=en.el.camino
ome			ome			NUM		_		Gloss=dos
ompa			ompa			ADV		_		Gloss=allá
oncan			oncan			ADV		_		Gloss=aquí
otihuallaque		hualla			VERB		_		_
párrafo			_			NOUN		_		_
quicaquiya		caqui			VERB		_		_
quichihua		chihua			VERB		_		_
quihtoa			ihtoa			VERB		_		_
quihtoaya		ihtoa			VERB		_		_
quimaca			maca			VERB		_		_
quitta			itta			VERB		_		_
quittaz			itta			VERB		_		_
tecuani			tecuani			NOUN		_		Gloss=bestia
tepan			pan			NOUN		NounType=Relat		_
mopan			pan			NOUN		NounType=Relat		_
tetlatlacaltique	_			NOUN			_		_
tezcatlipoca		tezcatlipoca		PROPN		_		_
ticholozque		choloa			VERB		_		_
tlaca			_			NOUN		_		_
tlacanexquimilli	_			NOUN			_		_
tlacatecolotl		tlacatecolotl			NOUN		_		Split=tlaca·tecolotl
tlalmiquiz		_			VERB		_		Split=tlal·miquiz
tlamatinime		_			NOUN		_		_
tlatoani		tlatoani		NOUN			_		_
tlatocat		_			NOUN		_		_
tlatolli		tlatolli		NOUN			_		_
tlein			tlein			PRON		_		_
tonalpouhque		_			NOUN		_		_
tzatzia			tzatzi			VERB		_		_
tzonquiza		_			VERB		_		_
xihuitl			xihuitl			NOUN		_		_
yaomiquiz		yaomiqui			VERB		_		Split=yao·miquiz
ye			_			ADV		_		_
yohualtepoztli		yohualtepoztli			NOUN		_		Split=yohual·tepoztli
yohualtica		_			ADV		_		_
zan			zan			ADV		_		_
motlanamictiz		_			VERB		_		_
ipilhuan		_			NOUN		_		_
itlecuillan		_			NOUN		_		_
commonamictiz		_			VERB		_		_
cemeh			_			PRON		_		_
quinmonamaquiliz	_			VERB		_		_
yauh			_			VERB		_		_
tonalpouhqui		_			NOUN		_		_
quellacuaoa		_			VERB		_		_
yeh			_			PRON		_		_
inahual			_			NOUN		_		_
cuauhtla		cuauhtla		NOUN		_		Gloss=bosque
tototl			tototl			NOUN		_		Gloss=pájaro
huehca			_			ADV		_		Gloss=lejos
y			_			CCONJ		_		_
tonalli			_			NOUN		_		Gloss=día
cuix			cuix			ADV		_		Gloss=quizás
motolinia		motolinia		NOUN		_		Gloss=pobre
timotolinia		motolinia		NOUN		_		_
xole			_			NOUN		_		_
xolotze			_			NOUN		_		_
telpochtle		telpochtli		NOUN		_		_
tiquitlani		tiquitlani		NOUN		_		_
ca			_			VERB		_		_
nimitzmamauhtiz		_			VERB		_		_
nimitzihicahuiz		_			VERB		_		_
monenequiz		nequi			VERB		_		_
huiptla			huiptla			ADV		_		Gloss=pasado.mañana
otihualla		hualla			VERB		_		_
mecapalli		_			NOUN		_		_
nel			nel			ADV		_		Gloss=ya
ma			ma			ADV		_		Gloss=OPT
oticmomacehui		_			VERB		_		_
tictlapiyelia		_			VERB		_		_
tictemoa		_			VERB		_		_
tiacahue		_			NOUN		_		_
tlacatl			_			NOUN		_		Gloss=hombre
iuhcan			_			ADV		_		_
iuhca			_			ADV		_		_
motonal			_			NOUN		_		Gloss=tu.día
timotlacatili		_			VERB		_		_
totecuiyo		_			NOUN		_		_
ximellacuahua		_			VERB		_		_
motlauhcol		_			NOUN		_		Gloss=tu.tristeza
motepitzyollo		_			NOUN		_		_
oc			_			ADV		_		_
motlapal		_			NOUN		_		Gloss=tu.fuerza
tlapalli		_			NOUN		_		Gloss=fuerza
ixquich			_			NOUN		NounType=Relat	Gloss=todo
amatl			_			NOUN		_		Gloss=papel
olli			_			NOUN		_		Gloss=hule
copalli			_			NOUN		_		Gloss=copal
izquitlamantli		_			NOUN		_		_
monextlahual		_			NOUN		_		_
etc.			_			NOUN		_		_
xitlamacehua		_			VERB		_		_
onmochihuaz		_			VERB		_		_
xoconmococohui		_			VERB		_		_
iciuhca			_			ADV		_		Gloss=luego
mochan			_			NOUN		_		Gloss=tu.casa
nehuatl			nehhuatl		PRON		_		Gloss=yo
tihualmohuicaz		_			VERB		_		_
niccencahuaz		_			VERB		_		_
nicnomahuiz		_			VERB		_		_
nictlatlamantiliz	_			VERB		_		_
nictlatitiuh		_			VERB		_		_
nicnomahuitiuh		_			VERB		_		_
monequiz		nequi			VERB		_		_
tonextlahual		_			NOUN		_		_
toteteuh		_			NOUN		_		_
nonoma			_			PRON		_		_
ticmattihui		_			VERB		_		_
motetzahuiani		_			NOUN		_		_
motetzahui		_			NOUN		_		_
pochteca		_			NOUN		_		_
quenman			_			ADV		_		Gloss=a.veces
huitz			_			NOUN		_		Gloss=manera
conihtoa		ihtoa			VERB		_		_
huehuetzca		_			VERB		_		_
ipampa			_			NOUN		NounType=Relat	Gloss=porque
nenenque		_			NOUN		_		_
momauhtia		_			VERB		_		_
atle			_			PRON		_		_
netemmacho		_			VERB		_		_
itlahtol		_			NOUN		_		Gloss=su.palabra
cualli			_			ADJ		_		Gloss=bueno
cualtzin		_			ADJ		_		Gloss=bueno
ixillan			_			NOUN		_		_
iyomotlan		_			NOUN		_		_
cocoliztli		_			NOUN		_		Gloss=enfermedad
cana			_			ADV		_		Gloss=alguna.parte
oquicacque		_			VERB		_		_
oncuacuauhti		_			VERB		_		_
za			_			ADV		_		_
ommochihuaz		_			VERB		_		_
hualmotzacuaz		_			VERB		_		_
mocacanahua		_			VERB		_		_
ocehuetzi		_			VERB		_		_
ontlanahui		_			VERB		_		_
ayocmo			_			ADV		_		Gloss=ya.no
tenahuatili		_			VERB		_		_
tepetzalan		_			NOUN		_		Split=tepe·tzalan
itic			_			NOUN		NounType=Relat	Gloss=dentro
cuauhitic		_			NOUN		_		Split=cuauh·itic
cuauhnepantla		_			NOUN		_		Split=cuauh·nepantla
oztomeca		_			NOUN		_		_
nehnemini		_			NOUN		_		_
omochiuh		_			VERB		_		_
itla			_			PRON		_		Gloss=algo
intla			_			PRON		_		Gloss=algo
intlacualhuan		_			NOUN		_		_
tecoco			_			NOUN		_		_
miecpa			miecpa			ADV		_		_
huiloa			huiloa			VERB		_		_
quimonahualtiaya	nahualtia		VERB		_		_
chiquimoli		chiquimoli		NOUN		_		_
mocacayahua		mocacayahua		VERB		_		_	
inca			ca			NOUN		NounType=Relat	_
tlacuahuac		tlacuahuac		NOUN		_		_
cuacua			cuacua			VERB		_		_
icampa			icampa			NOUN		NounType=Relat	_
quiqueloa		queloa			VERB		_		_
polihui			polihui			VERB		_		_
teca			ca			NOUN		NounType=Relat	_
teyayacatzacuilia	yayacatzacuilia		VERB		_		_
netetzahuiloya		tetzahuiloa		VERB		_		_
immac			mac			NOUN		_		_
yehhuatl		yehhuatl		PRON		_		Gloss=él
yehhua			yehhuatl		PRON		_		Gloss=él
yehhuan			yehhuan			PRON		_		Gloss=ellos
yehhuantin		yehhuan			PRON		_		Gloss=ellos
yeccan			_			ADV		_		_
#yeccan			yeccan			NOUN		_		_
axixmiqui		ixmiqui			VERB		_		_
tecuanime		_			NOUN		_		_
pehua			pehua			VERB		_		_
ohtli			ohtli			NOUN		_		Gloss=camino
ohtlipan		ohtlipan		ADV		_		_
inyollo			yollotl			NOUN		_		Gloss=sus.corazones
iyollo			yollotl			NOUN		_		Gloss=su.corazón
toyollo			yollotl			NOUN		_		Gloss=nuestros.corazones
cuauhchochopitli	cuauhchochopitli	NOUN		_		_
huel			huel			ADV		_		_
iteiccahuan		_			NOUN		_		Gloss=hermanito
itlahuapahualhuan	_			NOUN		_		_
icatiuh			_			NOUN		_		_
chololoatiuh		chololoa		VERB		_		_
nopilhuane		_			NOUN		_		_
inpochteca		_			NOUN		_		_
mopiloca		piloa			VERB		_		_
miqui			miqui			VERB		_		_
chicahuaque		chicahuac		ADJ		_		_
tehhuan			tehhuan			PRON		_		Gloss=nosotros
tehhuatl		tehhuatl		PRON		_		Gloss=tú
ixpampa			_			NOUN		NounType=Relat	_
ilpitica		ilpitica		VERB		_		Gloss=estar.atado
yilpitica		ilpitica		VERB		_		Gloss=estar.atado
moteittitiaya		_			VERB		_		_
ihuic			huic			NOUN		NounType=Relat	_
quicihuatlamachti	_			VERB		_		_
quilnamiqui		_			VERB		_		_
quimahuicotihui		_			VERB		_		_
quimattihui		_			VERB		_		_
quinemiti		_			VERB		_		_
ticualalcahuique	_			VERB		_		_
ticuallalotique		_			VERB		_		_
tiquimitauhcayotico	_			VERB		_		_
tiquinteyotico		_			VERB		_		_
tiquintonalehuaco	_			VERB		_		_
tiquintzonteconacocuico	_			VERB		_		_
titotzontzonatihui	_			VERB		_		_
totzon			_			NOUN		_		_
tototolinia		_			NOUN		_		_
cemmayan		_			ADV		_		_
tahui			_			NOUN		_		Gloss=nuestras.tías
tohueltiuh		_			NOUN		_		Gloss=nuestras.hermanas
tomach			_			NOUN		_		Gloss=nuestros.tíos
totlapallo		_			NOUN		_		_
totla			_			NOUN		_		Gloss=nuestros.sobrinos
ichoquiz		_			NOUN		_		_
itlauhcol		_			NOUN		_		_
quipixo			_			VERB		_		_
#aalacatoz		_			_		_		_
#camo			_			_		_		_
#cayac			_			_		_		_
#cecemmantoz		_			_		_		_
hualyetia		_			VERB		_		_
iyaque			_			NOUN		_		_
#iyepa			_			_		_		_
#nentlamati		_			_		_		_
nonoquiuhtoz		_			VERB		_		_
#noteiccahuane		_			_		_		_
otomacehualtic		_			VERB		_		_
#quennel			_			_		_		_
quin			_			PRON		_		_
#techchoquili		_			_		_		_
#tezzo			_			_		_		_
tihuallaque		_			VERB		_		_
#timiquizo		_			_		_		_
#tintotechiuhcahuan	_			_		_		_
tlauhcuia		_			VERB		_		_
tle			_			PRON		_		_
#tomio			_			_		_		_
#tonca			_			_		_		_
#yancuican		_			_		_		_
zazo			_			ADV		_		Gloss=más
intopil			_			NOUN		_		_
inteouh			_			NOUN		_		_
itzintlan		_			NOUN		NounType=Relat	_
yoac			_			ADV		_		Locative=Yes|Root=yohual
atlauhcamac		_			ADV		_		Locative=Yes|Root=atlauh
ommololoa		_			VERB		_		_
ommotepeuhtitlalia	_			VERB		_		_
tequiquinatza		quiquinatza		VERB		_		_
quiquinacatica		quiquinaca		VERB		_		_
choloa			choloa			VERB		_		Gloss=huir
omoyollochichili	moyollochichilia	VERB		_		Gloss=amargarse
motilquetza		motilquetza		VERB		_		_
moquetza		moquetza		VERB		_		_	
oquintetzahui		_			VERB		_		_
monacaztequi		_			VERB		_		_
tlacoquixtia		_			VERB		_		_
tlamacehua		_			VERB		_		_
ontlamati		_			VERB		_		_
moteittitia		_			VERB		_		_
quimachitia		machitia		VERB		_		Gloss=hacer.saber
maquiza			_			VERB		_		Split=ma·quiza
omochiuhca		_			VERB		_		_
acazo			_			ADV		_		_
tlalli			_			NOUN		_		Gloss=tierra
quitoca			_			VERB		_		_
quihtoznequi		_			VERB		_		_
intetzauh		_			NOUN		_		_
omotetzahuique		_			VERB		_		_
tlacuicuilotihui	_			VERB		_		_
tlahtoa			_			VERB		_		_
tonallapalihui		_			VERB		_		_
hualaquetza		_			VERB		_		_
hualmoyolizcalia	_			VERB		_		_
ommotonallalilia	_			VERB		_		_
ayoccan			_			ADV		_		Gloss=en.ninguna.parte
imitic			_			NOUN		_		_
nehnemi			_			VERB		_		_
tonalchicahuaque	_			VERB		_		_
quimamattihui		_			VERB		_		_
onmocuaahaiohui		_			VERB		_		_
ceppa			_			ADV		_		_
paqui			_			VERB		_		Gloss=alegrar
achi			_			ADV		_		_
achitzin		_			ADV		_		_
omihto			_			VERB		_		_
ayac			_			PRON		_		Gloss=nadie
tlatepozmihuia		_			VERB		_		_
tetzammachoya		_			VERB		_		_
cuauhxelohuaya		_			VERB		_		_
campa			_			ADV		_		Gloss=donde
tepeticpan		_			ADV		_		Orig=tepeticpac
mocaquiya		_			VERB		_		_
cenca			_			ADV		_		Gloss=muy
caquizti		_			VERB		_		_
teyolmicti		_			VERB		_		_
tlaxeloa		_			VERB		_		_
onhuia			_			VERB		_		_
ontlamacehuato		_			VERB		_		_
onacxoyatlalito		_			VERB		_		_
mixehuaya		_			VERB		_		_
ayaxcan			_			ADV		_		Gloss=con.dificultad
itetzauh		_			NOUN		_		_
quimomaca		_			VERB		_		_
quitlacanotzaz		_			VERB		_		_
quitlalochtoca		_			VERB		_		_
quitepotztoca		_			VERB		_		_
quenami			_			ADV		PronType=Int	_
quitohtoca		_			VERB		_		_
nohuian			_			ADV		_		_
oquiciammicti		_			VERB		_		_
yelchiquiuh		_			VERB		_		_
huictli			_			NOUN		_		Gloss=azadón
quimacaz		maca			VERB		_		_
necuiltonolli		_			NOUN		_		Gloss=riqueza
netoliniliztli		_			NOUN		_		Gloss=miseria
iyaotlahueliloc		_			NOUN		_		_
quinotza		notza			VERB		_		_
quilhuia		ilhuia			VERB		_		_
huitzitle		huitztli		NOUN		_		Gloss=colibrí
huitztli		huitztli		NOUN		_		Gloss=colibrí
yaotle			yaotl			NOUN		_		Gloss=guerrero
ticnequi		_			VERB		_		_
tenotzaya		notza			VERB		_		_
macehualli		macehualli		NOUN		_		Gloss=vasallo
imacehual		macehualli		NOUN		_		Gloss=su.vasallo
oquimottiti		_			VERB		_		_
tlalticpac		_			NOUN		_		Gloss=en.la.tierra
netlamachtilli		_			NOUN		_		Gloss=prosperidad
xochitl			xochitl			NOUN		_		Gloss=flor
tilmatli		tilmatli		NOUN		_		_
tenzacatl		tenzacatl		NOUN		_		_
tlapiloni		tlapiloni		NOUN		_		_
oquitenehuilli		_			VERB		_		_
iyetl			iyetl			NOUN		_		Gloss=tabaco
moch			moch			PRON		_		Gloss=todo
quinihcuac		quinihcuac		ADV		_		Gloss=entonces
quihuelitta		_			VERB		_		_
tlatlatolli		tlatlatolli		NOUN		_		Gloss=narrativa
tecolli			tecolli			NOUN		_		Gloss=fuego
tzotzomatli		tzotzomatli		NOUN		_		_
intlacamo		_			SCONJ		_		Gloss=si.no
conitta			_			VERB		_		_
oquimacehualti		_			VERB		_		_
mauhcatlacatl		mauhcatlacatl		NOUN		_		Split=mauhca·tlacatl|Gloss=cobarde
quicaqui		caqui			VERB		_		_
tlatlacolli		_			NOUN		_		Gloss=pecado
ica			_			NOUN		NounType=Relat	Gloss=con
mimiquiz		_			VERB		_		_
inacayo			nacatl			NOUN		_		Gloss=carne
itzin			_			NOUN		_		Gloss=fondo
itzitzin		_			NOUN		_		_
zaniyo			_			ADV		_		_
oquimacac		maca			VERB		_		_
oquimotlac		_			VERB		_		_
tecolotl		tecolotl		NOUN		_		Gloss=búho
icuauhticpac		_			NOUN		_		Locative=Yes
ixacalticpac		_			NOUN		_		Locative=Yes
itlapantenco		_			NOUN		_		Locative=Yes
tlatetzahuiaya		_			VERB		_		_
quitotica		_			VERB		_		_
chocatica		_			VERB		_		_
ithualli		_			NOUN		_		Gloss=patio
axcan			axcan			ADV		_		Gloss=ahora
chane			chan			NOUN		_		_
tlacolli		tlacolli		NOUN		_		_
cacoya			caqui			VERB		_		_
miquiztli		miquiztli		NOUN		_		Gloss=muerte
miquiztetzahuitl	miquiztetzahuitl	NOUN		_		Split=miquiz·tetzahuitl
oquicac			_			VERB		_		_
tlacihuiti		_			VERB		_		_
tlatlatzihuiti		_			VERB		_		_
ipiltzin		_			NOUN		_		_
itlacauh		_			NOUN		_		_
choloz			_			VERB		_		_
tlalpolihuiz		_			VERB		_		_
canahuaz		_			VERB		_		_
nehneciz		nehneci			VERB		_		_
atl			_			NOUN		_		Gloss=agua
quiyahuatl		quiyahuatl		NOUN		_		Gloss=puerta
tlahuihuitontoz		_			VERB		_		_
ipotocatoz		_			VERB		_		_
itoloz			_			VERB		_		_
mochipa			_			ADV		_		Gloss=muchas.veces
omaxixaya		_			VERB		_		_
tepantli		tepantli		NOUN		_		_
tlazolli		tlazolli		NOUN		_		Gloss=basura
icaltech		caltech			NOUN		_		Gloss=pared
ocatca			_			VERB		_		_
tlahuehuelontoz		_			VERB		_		_
ontlamamauhtico		_			VERB		_		_
otlatetzcaliuhtimanca	_			VERB		_		_
acahuatimaniz		_			VERB		_		_
chicuatli		_			NOUN		_		_
chaneque		_			NOUN		_		_
itlapanixcuac		_			NOUN		_		Split=itlapan·ixcuac
expa			_			ADV		_		Gloss=tres.veces
oppa			_			ADV		_		Gloss=dos.veces
tlapanixcuac		_			NOUN		_		Split=tlapan·ixcuac
tlanehua		_			VERB		_		_
calipan			_			NOUN		_		Locative=Yes|Split=cal·ipan
tecuhtli		tecuhtli		NOUN		_		Gloss=señor
mictlan			_			NOUN		_		Gloss=inframundo
ommat			matia			VERB		_		_
intlayohual		tlayohualli		NOUN		_		Gloss=mensajero
intitlan		titlan			NOUN		_		Gloss=mensaje
tzatzi			_			VERB		_		_
monan			_			NOUN		_		Gloss=tu.madre
tixpecocoyocpol		_			NOUN		_		_
ticieco			_			VERB		_		_
conilhuia		ilhuia			VERB		_		_
mozticacalatza		_			NOUN		_		_
toquich			_			NOUN		_		_
nocne			_			ADV		_		_
conahua			_			VERB		_		_
niyaz			_			VERB		_		_
tzontli			tzontli			NOUN		_		Gloss=cabellos
natlitiyaz		_			VERB		_		_
cuilonpol		_			NOUN		_		Gloss=sodomita
oticcoyoni		_			VERB		_		_
cahua			_			VERB		_		_
cuel			_			ADV		_		Gloss=ya
yamo			_			ADV		_		_
quilmach		_			ADV		_		Gloss=al.parecer
itenotzaliz		_			NOUN		_		Gloss=su.citación
teixpan			ixpan			NOUN		NounType=Relat	_
tlahuiltequia		_			VERB		_		_
tlahtolli		tlahtolli		NOUN		_		Gloss=palabra
yaz			_			VERB		_		_
yaznequi		_			VERB		_		_
quinamiqui		_			VERB		_		_
quiyacahuiltequi	_			VERB		_		_
conmonamictiz		_			VERB		_		_
oncholoz		_			VERB		_		_
contlahtollaquiliz	_			VERB		_		_
conehualtiz		_			VERB		_		_
contlahtolchichihuiliz	_			VERB		_		_
cozatli			cozatli			NOUN		_		_
itto			_			VERB		_		_
cecepoca		_			VERB		_		_
ticecepoca		_			VERB		_		_
netlacmauhtilo		_			VERB		_		_
necuitihuecho		_			VERB		_		_
cuecueyoca		_			VERB		_		_
tetequipachoa		_			VERB		_		_
tenacayo		nacatl			NOUN		_		Gloss=carne.de.alguien
coztic			coztic			ADJ		_		Gloss=amarillo
mochichiuh		_			VERB		_		_
ixtecuicuipol		_			NOUN		_		_
pipitzca		_			VERB		_		_
quitocayotiaya		tocayotia		VERB		_		_
mapipitzoa		_			VERB		_		Split=ma·pipiptzoa
yaotequihua		_			NOUN		_		_
oncalaqui		_			VERB		_		_
calaquia		_			VERB		_		_
tochin			tochin			NOUN		_		Gloss=conejo
milpan			_			NOUN		_		Locative=Yes
mazatl			mazatl			NOUN		_		Gloss=venado
contocaz		_			VERB		_		_
momazatiliz		_			VERB		_		_
motochtiliz		_			VERB		_		_
tocatl			tocatl			NOUN		_		Gloss=araña
inemachpan		nemachpan		NOUN		_		Gloss=su.enemigo
chachalcatiuh		chachalca		VERB		_		_
conciauhcahua		ciauhcahua		VERB		_		_
ommonenencoa		nenencoa		VERB		_		_
ompoliuhtiuh		polihui			VERB		_		_
hualmonextia		monextia		VERB		_		_
tlayequitoca		toca			VERB		_		_
quimottitia		mottitia		VERB		_		_
pepeyocatiuh		pepeyoca		VERB		_		_
itzon			tzontli			NOUN		_		_
itzonquen		_			NOUN		_		_
cruz			cruz			NOUN		_		_
nepantla		nepantla		NOUN		_		_
calaqui			_			VERB		_		_
contlalia		_			VERB		_		_
techan			chantli			NOUN		_		Gloss=casa.de.alguien
quiyacanamiqui		_			VERB		_		_
conpinauhtiz		_			VERB		_		_
iyolloco		_			NOUN		_		Locative=Yes
tlen			_			PRON		_		_
itztiyaz		_			VERB		_		_
quitztica		_			VERB		_		_
tlacuele		_			ADV		_		_
mictlampa		_			ADV		_		_
itztiuh			_			VERB		_		_
acazomo			_			ADV		_		_
omaxac			_			NOUN		_		Locative=Yes
concahua		_			VERB		_		_
conana			_			VERB		_		_
contzonhuia		_			VERB		_		_
quitetzammati		_			VERB		_		_
quihueyimati		_			VERB		_		_
pilcac			_			VERB		_		_
temacehual		macehualli		NOUN		_		_
octli			octli			NOUN		_		Gloss=vino
chichitl		chichitl		NOUN		_		Gloss=baba
chicnahui		chicnahui		NUM		_		Gloss=nueve
yolqui			_			NOUN		_		_
epatl			_			NOUN		_		_
mopilhuatia		_			VERB		_		_
zacatla			_			NOUN		_		Locative=Yes
nonopalla		_			NOUN		_		Locative=Yes
memetla			_			NOUN		_		Locative=Yes
inemia			_			NOUN		_		_
iquizaya		_			NOUN		_		_
omiex			_			VERB		_		_
miexi			_			VERB		_		_
centlalli		_			NOUN		_		_
teyacaxolocho		_			VERB		_		_
canaznequi		ana			VERB		_		_
quiquetza		_			VERB		_		_
icuitlapil		_			NOUN		_		_
cacoquetza		_			VERB		_		_
neci			_			VERB		_		_
quihualiexi		_			VERB		_		_
huetzi			huetzi			VERB		_		_
temahua			_			VERB		_		_
tecahua			_			VERB		_		_
momana			_			VERB		_		_
mani			_			VERB		_		_
tlaalpichia		_			VERB		_		_
onaci			_			VERB		_		_
onchichaz		_			VERB		_		_
onmotempachoa		_			VERB		_		_
cuaztalihuiz		_			VERB		_		_
tepilhuan		_			NOUN		_		Gloss=hijos.de.alguien
minecui			_			VERB		_		_
onchicha		_			VERB		_		_
comoniz			_			VERB		_		_
quiquimichtin		quimichin		NOUN		_		Gloss=ratones
azcame			azcatl			NOUN		_		Gloss=hormigas
quintoca		toca			VERB		_		_
tliltique		_			ADJ		_		_
moloni			_			VERB		_		_
mopotza			_			VERB		_		_
oittoque		_			VERB		_		_
totecocolicauh		_			NOUN		_		_
huehcahua		_			VERB		_		_
oquitocaque		_			VERB		_		_
tlami			_			VERB		_		_
tlatlauhque		_			ADJ		_		_
tlatlacatecolo		tlacatecolotl		NOUN		_		Split=tlatlaca·tecolo
atlaca			_			NOUN		_		_
quiza			_			VERB		_		_
icel			cel			NOUN		NounType=Relat	_
metztona		metztona		VERB		_		_
quitetzanhuia		_			VERB		_		_
ace			ace			ADV		_		_
quihualtoca		toca			VERB		_		_
commauhcacahua		mauhcacahua		VERB		_		_
ixco			_			NOUN		_		Locative=Yes
teyollo			yollotl			NOUN		_		Gloss=corazón.de.alguien
monequi			_			VERB		_		_
tlacocoa		_			VERB		_		_
imiquiz			miquiztli		NOUN		_		Gloss=su.muerte
connectia		_			VERB		_		_
connequilhuia		_			VERB		_		_
tlayolquixtia		_			VERB		_		_
tlatequipachoa		_			VERB		_		_
icac			cactli			NOUN		_		Gloss=su.zapato
ompopolihui		_			VERB		_		_
conmauhcacahua		mauhcacahua		VERB		_		_
concaqui		caqui			VERB		_		_
cecni			cecni			ADV		_		_
ompolihui		polihui			VERB		_		_
quicenhuica		_			VERB		_		_
tepancamac		_			NOUN		_		Locative=Yes
calcuac			_			NOUN		_		Locative=Yes
cotaloa			_			VERB		_		_
cotalotica		_			VERB		_		_
xinechnotza		notza			VERB		_		_
titlahtoz		tlahtoa			VERB		_		_
amommaca		maca			VERB		_		_
onimitzan		ana			VERB		_		_
nimitzcahuaz		cahua			VERB		_		_
huecauhtica		huecauhtica		ADV		_		_
quitlahtoltia		tlatoltia		VERB		_		_
conmamauhtia		mamauhtia		VERB		_		_
tetzauhquimichin	tetzauhquimichin	NOUN		_		Split=tetzauh·quimichin
tetlaquechililli	_			VERB		_		_
quinameti		_			VERB		_		_
cuitlatl		cuitlatl		NOUN		_		Gloss=mierda
oquittac		itta			VERB		_		_
contepachoa		_			VERB		_		_
quimotla		_			VERB		_		_
itlatzacuil		_			NOUN		_		_
yolmiqui		_			VERB		_		_
icopac			_			NOUN		NounType=Relat	_
itemamauhtiliz		_			NOUN		_		_
tlazazalia		_			VERB		_		_
cochihua		_			VERB		_		_
quihualittaznequi	_			VERB		_		_
momati			_			VERB		_		_
yollochicahuac		_			ADJ		_		_
yollatlapaliuh		_			ADJ		_		_
contlalcahuia		_			VERB		_		_
inecuepaliz		_			NOUN		_		_
inenextiliz		_			NOUN		_		_
tetetzahuiaya		_			VERB		_		_
momimilotiuh		_			VERB		_		_
quiquinacatiuh		_			VERB		_		_
ittoya			_			VERB		_		_
huetziz			_			VERB		_		_
yahue			_			VERB		_		_
mochichihua		_			VERB		_		_
yohualnenemi		_			VERB		_		_
nahualtetemoz		_			VERB		_		_
mocencahua		_			VERB		_		_
momania			_			VERB		_		_
iteicneliliz		_			NOUN		_		_
itenemac		_			NOUN		_		Gloss=su.regalo
itenamac		_			NOUN		_		Gloss=su.regalo
pipipitzca		_			VERB		_		_
pipitzcaticate		_			VERB		_		_
moyollo			yollotl			NOUN		_		Gloss=tu.corazón
quittac			itta			VERB		_		_
tlazolpan		_			NOUN		_		Locative=Yes
cihuapiltepiton		_			NOUN		_		_
cuauhtic		cuauhtic		ADJ		_		_
cacapanton		_			ADJ		_		_
chachapaton		_			ADJ		_		_
tzapaton		_			ADJ		_		_
cuitlapachton		_			ADJ		_		_
tzonqueme		tzonqueme		NOUN		_		_
tzotzonqueme		_			NOUN		_		_
quinequi		nequi			VERB		_		Gloss=lo.quiere
mexica			mexicatl		NOUN		_		_
tla			tla			SCONJ		_		_
otlathuic		tlathui			VERB		_		_
neltiz			nelti			VERB		_		_
inmac			mactli			NOUN		_		_
ihzac			ihza			VERB		_		_
tecocoliani		tecocoliani		NOUN		_		_
ilamapol		_			NOUN		_		_
quipitza		pitza			VERB		_		_
tepetl			tepetl			NOUN		_		Gloss=monte
tlahualania		_			VERB		_		_
yequene			yequene			ADV		_		_
cequintin		_			PRON		_		Gloss=algunos
huehuetque		huehue			NOUN		_		Gloss=viejos
huehuetlaca		_			NOUN		_		Gloss=ancianos
teteuh			teotl			NOUN		_		Gloss=díoses
nahualli		nahualli		NOUN		_		_
teixcuepani		teixcuepani		NOUN		_		_
yaotecani		yaotecani		NOUN		_		_
yaotlatoani		yaotlatoani		NOUN		_		_
yaohuitl		yaohuitl		NOUN		_		Gloss=guerra
tehuatl			tehuatl			NOUN		_		Gloss=mar
Huitzilopochtli		Huitzilopochtli		PROPN		_		_
atlacacemelle		_			NOUN		_		_
quiyocoyani		_			NOUN		_		_
mihtoaya		ihtoa			VERB		_		_
quitlaza		_			VERB		_		_
q.			_			X		_		_
n.			_			X		_		_
tlachinolli		_			NOUN		_		_
ilhuiquixtiloya		_			VERB		_		Split=ilhui·quixtiloya
malmicohuaya		_			VERB		_		_
tlaaltilmicohuaya	_			VERB		_		_
tealtiaya		_			VERB		_		_
xiuhtotonacoche		_			NOUN		_		_
xiuhcoanahuale		_			NOUN		_		_
xiuhtlalpile		_			NOUN		_		_
matacaxe		_			NOUN		_		_
tzitzile		_			NOUN		_		_
huehcauh		_			ADV		_		_
tlayohualhuaya		_			VERB		_		_
motocayotia		_			VERB		_		_
motepatillotiani	_			NOUN		_		_
moteixiptlatiani	_			NOUN		_		_
mixcoani		_			NOUN		_		_
yehica			_			SCONJ		_		Gloss=porque
Paynal			_			PROPN		_		_
macehualti		_			VERB		_		_
teuhtli			teuhtli			NOUN		_		Gloss=polvo
coyohuitihuia		_			VERB		_		_
teuhquemetihuia		_			VERB		_		_
contlalitihuia		_			VERB		_		_
ixhuacalichihuale	_			NOUN		_		_
ixcitlalichihuale	_			NOUN		_		_
mixcitlalichiuh		_			VERB		_		_
huitzitzilnahuale	_			NOUN		_		_
xiuhchimale		_			NOUN		_		_
teotl			teotl			NOUN		_		Gloss=díos
nohuiyan		_			ADV		_		Gloss=en.todas.partes
ilhuicac		_			NOUN		_		Locative=Yes|Gloss=en.el.cielo
inemiyan		_			ADV		_		_
tetzalan		_			NOUN		_		_
tenepantla		_			NOUN		_		_
cococ			_			NOUN		_		_
nemiya			_			VERB		_		_
tlahtoaya		_			VERB		_		_
tlamacazque		_			NOUN		_		Gloss=sacerdote
tlamacazqui		_			NOUN		_		Gloss=sacerdote
tlaixtlilpopotzalli	_			NOUN		_		_
tlaixolhuilli		_			NOUN		_		_
motlilozac		_			NOUN		_		_
ixmichihuahue		_			NOUN		_		_
ixmichihuauhyo		_			NOUN		_		_
ahuachxicole		_			NOUN		_		_
ayauhxicole		_			NOUN		_		_
aztatzone		_			NOUN		_		_
pozolcaque		_			NOUN		_		_
aztapilpane		_			NOUN		_		_
Quetzalcoatl		_			PROPN		_		_
ahuaque			_			NOUN		_		_
tlaloque		_			NOUN		_		_
teyacancauh		_			NOUN		_		_
tlachpancauh		_			NOUN		_		_
molhuia			_			VERB		_		_
icoyoca			_			NOUN		_		_
eheca			ehecatl			NOUN		_		_
ehecatl			ehecatl			NOUN		_		Gloss=viento
cuacualaca		_			VERB		_		_
tetecuica		_			VERB		_		_
yohuin			_			ADV		_		_
ocelotzitzile		_			NOUN		_		_
mixtlilpopotz		_			NOUN		_		_
ocelocopile		_			NOUN		_		_
tlapanahuia		_			VERB		_		_
Cihuacoatl		Cihuacoatl		PROPN		_		_
tetetzahuiani		_			NOUN		_		_
temotlaya		_			VERB		_		_
nanacoche		_			NOUN		_		_
yaotetzahuitl		yaotetzahuitl		NOUN		_		Split=yao·tetzahuitl
ixayac			_			NOUN		_		_
centlacochichiltic	_			ADJ		_		Split=centlaco·chichiltic
centlacotliltic		_			ADJ		_		Split=centlaco·tliltic
cihuateteuh		_			NOUN		_		Split=cihua·teteuh|Gloss=diosas
cihuateotl		cihuateotl		NOUN		_		Split=cihua·teotl|Gloss=diosa
coatl			coatl			NOUN		_		Gloss=víbora
inyohua			_			NOUN		_		_
incualo			_			NOUN		_		_
mixcohuaya		_			VERB		_		_
ixtlauhxahuale		_			NOUN		_		_
amacale			_			NOUN		_		Split=ama·cale
axochiahuipile		_			NOUN		_		Split=a·xochi·huipile
axochiyacueye		_			NOUN		_		_
tonalchimale		_			NOUN		_		Split=tonal·chimale
tonatiuhchimale		_			NOUN		_		Split=tonatiuh·chimale
innan			nan			NOUN		_		Gloss=su.madre
tenan			nan			NOUN		_		Gloss=su.madre.de.alguien
cihuatl			cihuatl			NOUN		_		Gloss=mujer
cihua			cihuatl			NOUN		_		Gloss=mujer
atlan			_			NOUN		_		Locative=Yes
temazcaleque		_			NOUN		_		_
ixiptla			_			NOUN		_		Gloss=su.imagen
temazcalixcuac		_			NOUN		_		Split=temazcal·ixcuac
temazcalteci		_			NOUN		_		_
onmic			_			VERB		_		_
onmaquiaya		_			VERB		_		_
iyehuayo		_			NOUN		_		_
innepantla		_			NOUN		_		_
hualmoquetzaya		_			VERB		_		_
amacalli		_			NOUN		_		_
contlaliaya		_			VERB		_		_
citlalli		citlalli		NOUN		_		Gloss=estrella
icue			cuetl			NOUN		_		Gloss=falda
motenolcopi		_			VERB		_		_
icamapa			_			NOUN		_		_
coyatemale		_			NOUN		_		_
cuechcueye		_			NOUN		_		_
mocuechcueti		_			VERB		_		_
citlalcueye		_			NOUN		_		_
ihuipil			huipilli		NOUN		_		Gloss=huipil
cuauhtzetzeliuhqui	_			NOUN		_		_
iztac			_			ADJ		_		_
ichimal			_			NOUN		_		_
totoicxiyo		_			NOUN		_		_
popoa			_			VERB		_		_
#izquice
cuahuihuih		_			NOUN		_		Gloss=pluma.de.águila
cuahuihuiyo		_			NOUN		_		_
cuauhtehuitzzo		_			NOUN		_		_
#tecuitlaytixapo
nechichihuale		_			NOUN		_		_
#quimotlatlalili
#tzetzeliuhqui
#ichcaxochihua
itonal			tonalli			NOUN		_		_
mieccan			mieccan			ADV		_		Gloss=en.muchas.partes
cualo			cua			VERB		_		_
ichiyahuaca		_			NOUN		_		Gloss=su.aceite
ilhuiquiztiloya		_			VERB		_		Split=ilhui·quiztiloya
oxinamacaque		_			NOUN		_		Split=oxi·namacaque
tlacamictiaya		_			VERB		_		Split=tlaca·mictiaya
ihuehueyohuan		_			NOUN		_		_
cayotzotzonilia		_			VERB		_		_
cayohuitequilia		_			VERB		_		_
cayacachilhuia		_			VERB		_		_
comichicahuacilhuia	_			VERB		_		_
tlaolchipinilli		_			NOUN		_		_
iamacal			_			NOUN		_		_
inechichihual		_			NOUN		_		_
yacametze		_			NOUN		_		_
amanacoche		_			NOUN		_		_
chayahuac		chayahua		VERB		_		_
colotlalpile		_			NOUN		_		_
ometochchimale		_			NOUN		_		_
iztopile		_			NOUN		_		_
tecpatopile		_			NOUN		_		_
oyouh			_			VERB		_		_
diablome		diablo			NOUN		_		_
imixiptlahuan		_			NOUN		_		_
icximimiqui		_			VERB		_		_
omotenamicti		_			VERB		_		_
macuiltin		_			NUM		_		_
momacuecuetza		_			VERB		_		_
tencualacquiza		_			VERB		_		_
tlamiloya		_			VERB		_		_
tetlahuelia		_			VERB		_		_
teme			tetl			NOUN		_		Gloss=piedras
inpilhuan		pilli			NOUN		_		_
tetahuan		_			NOUN		_		Gloss=padres.de.alguien
tenahuan		_			NOUN		_		Gloss=madres.de.alguien
temo			temoa			VERB		_		_
aci			_			VERB		_		_
tlalpan			_			NOUN		_		Locative=Yes
papalotlaxcalli		_			NOUN		_		Split=papalo·tlaxcalli
tlamatzohualli		_			NOUN		_		_
xocuichtlamatzohualli	_			NOUN		_		_
cihuateocalco		_			NOUN		_		Split=cihua·teo·calco
tlaitzcopcohualli	_			NOUN		_		_
tlaitzcopcohualtectli	_			NOUN		_		_
oce			_			NUM		_		_
inhuan			_			NOUN		NounType=Relat	Gloss=con.ellos
machoya			_			VERB		_		_
inhueltiuh		_			NOUN		_		_
mahuiztililoya		_			VERB		_		_
imacaxoya		_			VERB		_		_
mauhcaittoya		_			VERB		_		_
tlamauhtiaya		_			VERB		_		_
teatlanmictiaya		_			VERB		_		_
teatoctiaya		_			VERB		_		_
tepolactiaya		_			VERB		_		_
acalli			acalli			NOUN		_		Split=a·calli
quixtlapachcuepa	_			VERB		_		_
quehuatiquetza		_			VERB		_		_
quicuepa		_			VERB		_		_
icuicacahuan		_			NOUN		_		_
colotli			_			NOUN		_		_
ilhuiquixtililoya	_			VERB		_		_
pilcatiuh		_			NOUN		_		_
tecuitlacomalli		_			NOUN		_		_
tlacotli		tlacotli		NOUN		_		Gloss=esclavo
tianquizco		_			NOUN		_		Locative=Yes|Gloss=en.el.mercado
apantlaca		_			NOUN		_		_
miquiya			_			VERB		_		_
Tlalocan		Tlalocan		PROPN		_		_
tlantihuia		_			VERB		_		_
queltetequia		_			VERB		_		_
inteopan		_			NOUN		_		Locative=Yes
tlenamacoya		_			VERB		_		_
mocnelilmati		_			VERB		_		_
nemi			_			VERB		_		_
tlamanixti		_			VERB		_		_
atlacuilolhuipile	_			NOUN		_		_
atlacuilolhuihuipile	_			NOUN		_		_
atlacuilolcueye		_			NOUN		_		_
atlacuezonanchimale	_			NOUN		_		_
texoamacale		_			NOUN		_		_
cacalaca		_			VERB		_		_
omome			_			NUM		_		_
quil			_			ADV		_		Gloss=al.parecer
itlatqui		_			PRON		_		Gloss=su.cosa
nahuintin		_			NUM		_		_
intoca			_			NOUN		_		Gloss=sus.nombres
ceceyaca		_			ADV		_		Gloss=cada.uno
iixpan			_			NOUN		NounType=Relat	_
imixpan			_			NOUN		_		Gloss=en.frente|Locative=Yes
immanel			_			NOUN		_		_
momelahua		_			VERB		_		_
mopinahuizcahua		_			VERB		_		_
ohuih			_			VERB		_		_
temamauhti		_			VERB		_		_
tlaellachiyohualli	_			NOUN		_		_
quitemaca		_			VERB		_		_
quiteca			_			VERB		_		_
quihuica		_			VERB		_		_
imac			_			NOUN		_		Gloss=en.su.mano|Locative=Yes
neyolcuitilo		_			VERB		_		_
neyolmelahualo		_			VERB		_		_
achto			_			ADV		_		Gloss=primero
iix			_			NOUN		_		_
inacaz			_			NOUN		_		_
itlacaccauh		_			NOUN		_		_
matile			_			NOUN		_		_
moyolmelahuaz		_			VERB		_		_
tlacuilolli		tlacuilolli		NOUN		_		_
tlilli			tlilli			NOUN		_		_
tlapouhqui		_			NOUN		_		_
#nonotzale		
oquihto			ihtoa			VERB		_		_
#piyale
#tlamatini
#tlapilchihuale
itechtzinco		_			NOUN		NounType=Relat	_
itoptzin		_			NOUN		_		_
ipetlacaltzin		_			NOUN		_		_
iamox			amoxtli			NOUN		_		Gloss=su.libro
itlacuilol		tlacuilolli		NOUN		_		_
huallaz			_			VERB		_		_
inahuatilpan		_			NOUN		_		Locative=Yes
cuauhuitl		_			NOUN		_		_
yancuic			_			ADJ		_		Gloss=nuevo
contema			_			VERB		_		_
huellachpano		_			VERB		_		_
tlamceuhqui		_			NOUN		_		_
moteca			_			VERB		_		_
inta			_			NOUN		_		Gloss=su.padre
huehue			_			ADJ		_		Gloss=viejo
cuitlapilli		_			NOUN		_		_
atlapalli		_			NOUN		_		_
zacamitl		_			NOUN		_		_
aqui			_			PRON		_		_
omotepotlami		_			VERB		_		_
oquinamic		_			VERB		_		_
omalauh			_			VERB		_		_
xicmocaquiti		_			VERB		_		_
inentlamachiliz		nentlamachiliztli	NOUN		_		Gloss=su.angustia
iixpantzinco		_			NOUN		NounType=Relat	_
ixpantzinco		_			NOUN		NounType=Relat	_
tihualmohuicatia	_			VERB		_		_
mopalanca		_			NOUN		_		_
motop			_			NOUN		_		_
yohualli		yohualli		NOUN		_		Gloss=noche
immopetlacal		_			NOUN		_		_
ximopepetlahua		_			VERB		_		_
ximomamaxahui		_			VERB		_		_
ihuictzinco		_			NOUN		_		Locative=Yes
ticmotlapolhuilico	_			VERB		_		_
ticmolhuilico		_			VERB		_		_
ticmomaquilico		_			VERB		_		_
mitztlacanotzaz		_			VERB		_		_
a			_			ADV		_		_
tictlacaittaz		_			VERB		_		_
quenin			quenin			ADV		PronType=Int	Gloss=cómo
mopetlacal		_			NOUN		_		_
ticmati			_			VERB		_		_
ticchiuh		_			VERB		_		_
monemiliz		nemiliztli		NOUN		_		_
xicpetlani		_			VERB		_		_
xocnoqui		_			VERB		_		_
cah			_			VERB		_		_
xicmotlaocolnonochili	_			VERB		_		_
tloque			_			NOUN		_		_
nahuaque		_			NOUN		_		_
timopinoquetz		_			VERB		_		_
titzicolo		_			VERB		_		_
teixiptla		_			NOUN		_		_
oncopaltema		_			VERB		_		_
ontlalcua		_			VERB		_		_
nopalanca		_			NOUN		_		_
tlahuilpan		_			NOUN		_		Locative=Yes
mixpantzinco		_			NOUN		NounType=Relat	_
onicchiuh		_			VERB		_		_
itlapilchihualiz	_			NOUN		_		_
itlachihual		_			NOUN		_		_
quichiuh		_			VERB		_		_
cuicatl			cuicatl			NOUN		_		Gloss=canción
quitocatiuh		_			VERB		_		_
conehua			_			VERB		_		_
otlamito		_			VERB		_		_
ino			_			ADV		_		_
quihto			ihtoa			VERB		_		_
ticmononochilia		_			VERB		_		_
ticmomaquilia		_			VERB		_		_
motlachihual		_			NOUN		_		_
monecuahuitec		_			NOUN		_		_
ticchihuaz		chihua			VERB		_		_
temoa			_			VERB		_		_
timozahuaz		_			VERB		_		_
timotenohuatzaz		_			VERB		_		_
timocuitlaxcolzahuaz	_			VERB		_		_
ixcuiname		_			NOUN		_		_
imilhuiuh		_			NOUN		_		_
otzintique		_			VERB		_		_
inteteuh		teotl			NOUN		_		Gloss=sus.dioses
tzintique		_			VERB		_		_
mocentlalique		mocentlalia		VERB		_		_
ticnequiz		nequi			VERB		_		_
huallatiuh		_			VERB		_		_
titlacoquixtiz		_			VERB		_		_
ticnamiyetiz		_			VERB		_		_
tizacatlazaz		_			VERB		_		_
monacazco		_			NOUN		_		Locative=Yes
monenepilco		_			NOUN		_		Locative=Yes
titlaquixtiz		_			VERB		_		_
mixpampa		_			NOUN		NounType=Relat	_
ticaquiz		_			VERB		_		_
ticcenquixtiz		_			VERB		_		_
ticcuitlacueponiz	_			VERB		_		_
ticquixtiz		_			VERB		_		_
tictlacozoz		_			VERB		_		_
tictlatlazalhuiz	_			VERB		_		_
tictlaza		_			VERB		_		_
tictlazaz		_			VERB		_		_
tiquixtiz		_			VERB		_		_
titlamacehua		_			VERB		_		_
polihuiz		_			VERB		_		_
motzintlan		_			NOUN		_		Locative=Yes
motlatlacol		_			NOUN		_		_
motlapilchihual		_			NOUN		_		_
monecual		_			NOUN		_		_
itlapilchihual		_			NOUN		_		_
titlatotiz		_			VERB		_		_
titepiquiz		_			VERB		_		_
tiquinquixtiz		_			VERB		_		_
titlacatlacuaz		_			VERB		_		_
timoteteuhcahuaz	_			VERB		_		_
otitlanecomalti		_			VERB		_		_
yohuayan		_			NOUN		_		_
huetziyaz		_			VERB		_		_
mantiyaz		_			VERB		_		_
tipetlauhtiyaz		_			VERB		_		_
titlamacehuaz		_			VERB		_		_
tiyaz			yohui			VERB		_		_
#micampa			
momaxac			_			NOUN		_		_
motech			_			NOUN		NounType=Relat	_
motzintlampa		_			NOUN		_		Locative=Yes
#tlayitzcopehualli
centetl			_			NUM		_		Gloss=una.pieza
tihualmocuepaz		_			VERB		_		_
totecuiyohuan		_			NOUN		_		Gloss=nuestros.señores
mamacue			_			NOUN		_		_
tocontlazaz		_			VERB		_		_
otlamaceuh		_			VERB		_		_
hualauh			_			VERB		_		_
tlatlacoz		_			VERB		_		_
monemilizcuepa		_			VERB		_		_
hueyi			_			ADJ		_		Gloss=grande
necualli		_			NOUN		_		_
intlapilchihual		_			NOUN		_		_
cuatepitziniloz		_			VERB		_		_
cuatetzotzonaloz	_			VERB		_		_
motta			itta			VERB		_		_
tlapilchihualli		_			NOUN		_		_
tlalilo			_			VERB		_		_
ilhuilo			_			VERB		_		_
omeyi			_			NUM		_		_
tepitoton		_			NOUN		_		_
huehueyintin		_			NOUN		_		_
