1	j	i
1	çi	ci
1	çe	ce
1	çi	ci
1	ço	zo
1	ça	za
1	çu	zu
1	çv	zhu
1	^um	om
1	^un	on
1	vitz$	huitz
1	tiuj$	tihui
1	aujtl$	ahuitl
1	^quj	qui
1	zque$	zqueh
0	jc	ic
0	ioan	ihuan
0	ioa	ihuan
0	yoan	ihuan
0	iuan	ihuan
0	ivan	ihuan
0	tenochtitla	Tenochtitlan
0	tenochtitlan	Tenochtitlan
0	motecocoma	Moctezuma
0	motecucuma	Moctezuma
0	motecucoma	Moctezuma
0	motecocuma	Moctezuma
0	vexotzinco	Huexotzinco
0	cempoalxiujtl	cempohualxihuitl
0	tlatocaiotl	tlatocayotl
0	icoac	ihcuac
0	Icoac	Ihcuac
0	Vitzilihuitl	Huitzilihuitl
0	colhoacan	Colhuacan
0	ei	eyi
0	chicuei	chicueyi
0	capitulo	capítulo
0	vncan	oncan
0	mexico	Mexico
0	teculutl	tecolotl
0	yn	in
0	naui	nahui
0	nauj	nahui
0	njcan	nican
0	tlatoanj	tlatoani
0	Injc	Inic
0	Jnic	Inic
0	injc	inic
0	xiuitl	xihuitl
0	gouernadores	gobernadores
0	çan	zan
0	umpa	ompa
0	anoço	anozo
0	mjtoa	mihtoa
0	tlejn	tlein
0	iehoatl	yehhuatl
0	Veue	Huehue
0	veue	Huehue
0	vmentin	omentin
0	matlacxiuitl	matlacxihuitl
0	qujiauchiuh	quiiauchiuh
0	jxqujch	ixquich
0	quauhnaoac	cuauhnahuac
0	vei	hueyi
0	nauhxiuitl	nauhxihuitl
0	mitoa	mihtoa
0	acolhoacatl	acolhuacatl
0	jxquich	ixquich
0	chicoacen	chicuacen
0	chiquacen	chicuacen
0	xiujtl	xihuitl
0	Axaiaca	Axayaca
0	axaiaca	Axayaca
0	ipa	ipan
0	jpan	ipan
0	tlatilulca	Tlatelolco
0	tlatilulco	Tlatelolco
0	vmpoalxiujtl	ompohualxihuitl
0	mjxnamjque	mixnamique
0	chiquacenxiujtl	chicuacenxihuitl
0	moquiuixtli	Moquiuixtli
0	jcoac	icoac
0	chicuej	chicueyi
0	Aujtzotl	Ahuitzotl
0	itzcoatl	Itzcoatl
0	caxtolxiujtl	caxtolxihuitl
0	exiuitl	exihuitl
0	macujltetl	macuiltetl
0	macujlli	macuilli
0	jntoca	intoca
0	azcaputzalca	Azcapoltzalco
0	xuchmilca	Xochimilco
0	xochmjlco	Xochimilco
0	hecatepec	Ecatepec
0	tlacotepec	Tlacotepec
0	callimaia	Callimaya
0	metepec	Metepec
0	callixtlaoaca	Callixtlahuacan
0	cozcaquauhtenanco	Cozcacuahtenanco
0	teutenanco	Teutenanco
0	malinaltenaco	Malinaltenanco
0	tzinacantepec	Tzinacantepec
0	coatepec	Coatepec
0	cujtlapilco	Cuitlapilco
0	teoxaoalco	Teoxahualco
0	tequaloia	Tecualoyan
0	ocujllan	Ocuillan
0	Vitzillatl	Huitzillatl
0	namechnocaujlia	namechnocahuilia
0	vitziliujtl	Huitzilihuitl
0	cuetlaxtlan	Cuetlaxtlan
0	quauhtlinchan	Cuauhtlinchan
0	coaixtlaoaca	Coaixtlahuacan
0	amuxtli	amoxtli
0	tequanj	tecuani
0	jchan	ichan
0	vmpa	ompa
0	españa	España
0	nueua	Nueva
0	coiutl	coyotl
0	vtlica	ohtlica
0	Coiutl	Coyotl
0	Jc	Ic
0	tezcatlipuca	Tezcatlipoca
0	aqujn	aquin
0	njcchioaz	nicchihuaz
0	miqujz	miquiz
0	qujtetzammatia	quitetzammatia
0	niçan	nican
0	tzonqujca	tzonquiza
0	qujttaz	quittaz
0	qujlvia	quiluia
0	qujtlapaloa	quitlapaloa
0	quellaquaoa	quellacuaoa
0	qualli	cualli
0	muchi	mochi
0	ixqujch	ixquich
0	qujtoctia	quitoctia
0	ueca	huehca
0	civapiltontli	cihuapiltontli
0	iollo	yollo
0	mjqujz	miquiz
0	iquac	ihcuac
0	jquac	ihcuac
0	yquac	ihcuac
0	mjiecpa	miecpa
0	qujchioa	quichihua
0	njman	niman
0	mocaquj	mocaqui
0	qualcan	cualcan
0	viloa	huiloa
0	aco	azo
0	cate	cateh
0	qujtoa	quihtoa
0	qujtoaia	quihtoaya
0	iuhquj	iuhqui
0	iuhqujn	iuhquin
0	muchioaz	mochihuaz
0	ytla	itla
0	maceoal	macehual
0	maceoalli	macehualli
0	macehoal	macehual
0	mjcti	micti
0	mjctizque	mictizque
0	mjcquj	miqui
0	muztla	moztla
0	tlamatinjme	tlamatinime
0	mjtovaia	mihtohuaya
0	chocaia	chocaya
0	quicaquja	quicaquia
0	ioaltica	yohualtica
0	iooltica	yohualtica
0	jiollo	iyollo
0	juh	iuh
0	cequjntin	cequintin
0	veuetque	huehuetque
0	veuetlaca	huehuetlaca
0	tiqujtoaia	tiquitohuaya
0	Yzqujtlamantli	Izquitlamanti
0	juhquj	iuhqui
0	qujpitza	quipitza
0	qujnanqujlia	quinanquilia
0	tlaoalanja	tlahualania
0	ilamapul	ilamapol
0	ynjn	inin
0	Ynjn	Inin
0	jtlecujllan	itlecuillan
0	Ivin	Ihuin
0	qujchioaia	quichihuaya
0	motetzaujanj	motetzahuiani
0	motetzaujaia	motetzahuiaya
0	motetzauj	motetzahui
0	netetzaujloia	netetzahuiloya
0	tetzammachoia	tetzammachoya
0	ioaltepuztli	yohualtepoztli
0	ouellallimjctimotecac	ohuellallimictimotecac
0	caqujztia	caquiztia
0	naoati	nahuati
0	chiquatli	chicuatli
0	mjqujzque	miquizque
0	qujneltocaia	quineltocaya
0	cocolizcujzque	cocolizcuizque
0	itlapanjxquac	itlapanixcuac
0	qujcaz	quizaz
0	tzatzitiqujca	tzatzitiquiza
0	ticcaoazque	ticcahuazque
0	chiqujmoli	chiquimoli
0	occequj	occequi
0	iooaltica	yohualtica
0	monextiaia	monextiaya
0	tezavitl	tezahuitl
0	tetzaujtl	tezahuitl
0	tetzavitl	tezahuitl
0	jtoca	itoca
0	tlacanexqujmjlli	tlacanexquimilli
0	tlacateculotl	tlacatecolotl
0	qujmatia	quimatia
0	mjexi	miexi
0	omjex	omiex
0	qujueimati	quihueyimati
0	conjtta	conitta
0	moiollalia	moyollalia
0	otlatvic	otlathuic
0	otlathvic	otlathuic
0	cujx	cuix
0	qujtta	quitta
0	qujtetzammati	quitetzammati
0	vel	huel
0	contzonuja	contzonhuia
0	compilova	compilohua
0	niqujtta	niquitta
0	njamn	niman
0	qujtztica	quitztica
0	qujtztimotlalia	quitztimotlalia
0	nocommaujco	nocommahuizo
0	jqc	ihcuac
0	qujtovaia	quitohuaya
0	otivalla	otihualla
0	otioallaque	otihuallaque
0	cujtlapanton	cuitlapanton
0	tocaiotilo	tocayotilo
0	acolhoacan	Acolhuacan
0	tlaculpan	tlazolpan
0	qujca	quiza
0	neaxixaloian	neaxixaloyan
0	axixmjquj	axixmiqui
0	anoco	anozo
0	tlaiooa	tlayohua
0	qujmottitia	quimottitia
0	much	moch
0	qujnextiaia	quinextiaya
0	mjqujztetzaujtl	miquiztetzahuitl
0	titixcavitoque	titixcahuitoque
0	quitetzaujttaia	quitetzahuittaya
0	tlatetzaujaia	tlatetzahuiaya
0	in	in
0	ipan	ipan
0	tepetl	tepetl
0	choca	choca
0	tehcuiooa	tehcuiohua
0	tecciztli	tecciztli
0	iaomjqujz	yaomiquiz
0	tlalmiqujz	tlalmiquiz
0	monamacaz	monamacaz
0	ipilhoan	ipilhuan
0	icnoiotl	icnoyotl
0	qujntlatlaculnamjctiz	quintlatlacolnamictiz
0	atl	atl
0	jnextitlan	inextitlan
0	commonamjctiz	commonamictiz
0	quinmonamaqujliz	quinmonamaquiliz
0	qujntlanamjctiz	quintlanamictiz
0	neneciz	nehneciz
0	ie	ye
0	motlanamjctiz	motlanamictiz
0	itla	itla
0	ceme	cemeh
0	muchiuh	mochiuh
0	iauh	yauh
0	tonalpouhquj	tonalpouhqui
0	quellacuaoa	quellacuahua
0	no	no
0	amo	amo
0	auh	auh
0	itechpa	itechpa
0	tlachcujtl	tlachcuitl
0	inca	inca
0	mocauhtiqujca	mocauhtiquiza
0	tlaquavac	tlacuahuac
0	mocueptiuetzi	mocueptihuetzi
0	can	zan
0	teca	teca
0	jmmac	immac
0	ieh	yeh
0	mocacaiaoaia	mocacayahuaya
0	inaoal	inahual
0	qujlmach	quilmach
0	maujltiaia	mahuiltiaya
0	veca	huehca
0	quauhtla	cuauhtla
0	quauhchochopitli	cuauhchochopitli
0	telpuchtle	telpochtle
0	tiacave	tiacahue
0	tiqujtlanj	tiquitlani
0	timotolinja	timotolinia
0	otiualla	otihualla
0	timotezcaujco	timotezcahuico
0	timamuxvico	timamoxhuico
0	xicchie	xicchiye
0	oticmomaceuj	oticmomacehui
0	vevetque	huehuetque
0	njmjtzmamauhtiz	nimitzmamauhtiz
0	njmjtzihicaviz	nimitzihicahuiz
0	cujtlapilli	cuitlapilli
0	tonalamapan	tonalamapan
0	xole	xole
0	xolotze	xolotze
0	jpalnemoanj	ipalnemohuani
0	viptla	huiptla
0	ic	ic
0	tictemoa	tictemoa
0	mellaquaoaloca	mellacuahualoca
0	tlacacemelle	tlacacemelle
0	tlacaiectli	tlacayectli
0	iuh	iuh
0	ujctli	oictli
0	mecapalli	mecapalli
0	qujtemouja	quitemohuia
0	anoce	anoce
0	titlatlatziujti	titlatlatzihuiti
0	mocomaz	mozomaz
0	monenequjz	monenequiz
0	ma	ma
0	xicmotlatolchieli	xicmotlahtolchiyeli
0	chiotica	chiyotica
0	tictlapielia	tictlapiyelia
0	atlapalli	atlapalli
0	nel	nel
0	techcauhtiuj	techcauhtihui
0	conjtotiuj	conitotihui
0	mopan	mopan
0	oqujnec	oquinec
0	totecujo	totecuiyo
0	motlacaiocoia	motlacayocoya
0	iuhcan	iuhcan
0	timotlacatili	timotlacatili
0	iuhca	iuhca
0	motonal	motonal
0	tlacacemellecan	tlacacemellecan
0	tlacatl	tlacatl
0	camo	camo
0	omjto	omihto
0	aiac	ayac
0	injn	inin
0	tocommaujcoz	tocommahuizoz
0	momaceval	momacehual
0	motlaocul	motlauhcol
0	mochoqujz	mochoquiz
0	motepitziollo	motepitzyollo
0	titlaocux	titlauhcox
0	ximellaquaoa	ximellacuahua
0	quenamj	quenami
0	xonie	xoniye
0	oc	oc
0	motlapal	motlapal
0	qujmonaoaltiaia	quimonahualtiaya
0	castolli	caxtolli
0	iez	yez
0	omoiollochichili	omoyollochichili
0	oalmoiolizcalia	hualmoyolizcalia
0	castolli	caxtolli
0	iez	yez
0	njmjtzpantia	nimitzpantia
0	njmjtzteteuhtia	nimitzteteuhtia
0	njmjtzpatia	nimitzpantia
0	njmatzpaiaoalochtia	nimitzpayahualochtia
0	xitlamaceoa	xitlamacehua
0	monextlaoal	monextlahual
0	onmuchioaz	onmochihuaz
0	xoconmococouj	xoconmococohui
0	jzqujtlamantli	izquitlamantli
0	&c.	etc.
0	olli	olli
0	copalli	copalli
0	amatl	amatl
0	ticmattiuj	ticmattihui
0	tictlamacazque	tictlamacazque
0	tlalxictentica	tlalxictentica
0	meujltitica	mehuiltitica
0	tioalmoujcaz	tihualmohuicaz
0	nican	nican
0	njcnomaujz	nicnomahuiz
0	njccencaoaz	niccencahuaz
0	njctlatlamantiliz	nictlatlamantiliz
0	monequjz	monequiz
0	izca	ihzac
0	icaz	icaz
0	toteteuh	toteteuh
0	tonextlaoal	tonextlahual
0	nehoatl	nehuatl
0	nonoma	nonoma
0	njctlatitiuh	nictlatitiuh
0	mochan	mochan
0	njcnomaujtiuh	nicnomahuitiuh
0	jzqujcan	izquican
0	tonalli	tonalli
0	catca	catca
0	quicaquia	quicaquiya
0	qujcaquja	quicaquiya
0	oactli	huactli
0	puchteca	pochteca
0	muchioaia	mochihuaya
0	jnpan	inpan
0	aca	aca
0	veuetzca	huehuetzca
0	vevetzca	huehuetzca
0	vme	ome
0	vitz	huitz
0	conjtoa	conihtoa
0	quenman	quenman
0	qujnextia	quinextia
0	qujcaquj	quicaqui
0	jtlatol	itlahtol
0	tlatolli	tlahtolli
0	ieccan	yeccan
0	acovetzi	acohuetzi
0	iniollo	inyollo
0	ipampa	ipampa
0	qujcnopilujzque	quicnopilhuizque
0	quitoa	quihtoa
0	nenenque	nenenque
0	qualtzin	cualtzin
0	mopovatiuj	mopohuatihui
0	oniazque	oniyazque
0	papaquj	papaqui
0	oquicacque	oquicacque
0	ommjmjctoc	ommimictoc
0	vetzca	huetzca
0	tlatlapitzaoa	tlatlapitzahua
0	ixillan	ixillan
0	ijomotlan	iyomotlan
0	onquaquauhti	oncuacuauhti
0	mocacanaoa	mocacanahua
0	paquj	paqui
0	ontlanavi	ontlanahui
0	ocevetzi	ocehuetzi
0	aocac	ayocac
0	tlatoliuj	tlatolihui
0	tlaquechpiliuj	tlacuechpilihui
0	tenaoatili	tenahuatili
0	ovi	ohui
0	inpan	inpan
0	ommuchioaz	ommochihuaz
0	ouj	ohui
0	conmonamjctizque	conmonamictizque
0	ca	za
0	ca	ca
0	cocoliztli	cocoliztli
0	cana	cana
0	ovevetzcac	ohuehuetzcac
0	muchioa	mochihua
0	ixtlaoatl	ixtlahuatl
0	itic	itic
0	atlauh	atlauh
0	tepetzalan	tepetzalan
0	quauhnepantla	cuauhnepantla
0	quauhioocatla	cuauhyocatla
0	quauhitic	cuauhitic
0	quaujtl	cuauhuitl
0	intla	intla
0	oztomeca	oztomeca
0	omuchiuh	omochiuh
0	nenemjnj	nehnemini
0	commonamjctizque	commonamictizque
0	maqujzque	maquizque
0	intlaqualhoan	intlacualhuan
0	iaoiotl	yaoyotl
0	oalmotzaquaz	hualmotzacuaz
0	tequatlaqualtin	tecuatlacualtin
0	tlaveliloque	tlahueliloque
0	ommaqujzque	ommaquizque
0	ichtecque	ichtecque
0	tetlacujcujlique	tetlacuicuilique
0	tetlatlacaltique	tetlatlacaltique
0	qujntlanamoelizque	quintlanamohuelizque
0	qujntlatlacaltizque	quintlatlacaltizque
0	qujntlacencujlizque	quintlacencuilizque
0	qujntlacujcujlizque	quintlacuicuilizque
0	ontlatlacazque	ontlatlacazque
0	inmac	inmac
0	ontlaatoctizque	ontlaatoctizque
0	onvetzizque	onhuetzizque
0	tequanjme	tecuanime
0	cacentetl	cacentetl
0	qujttaia	quittaya
0	pinaujztli	pinahuiztli
0	muchichiuh	mochichiuh
0	tochin	tochin
0	nacazpapatlactic	nacazpapatlactic
0	eliztac	eliztac
0	ommuchiozque	ommochihuazque
0	quauhtenuetzizque	cuauhtenhuetzizque
0	noce	noce
0	ontequancoalozque	ontecuancohualozque
0	mocacaiaoa	mocacayahua
0	quaqua	cuacua
0	qujqueloa	quiqueloa
0	polivi	polihui
0	teiaiacatzacujlia	teyayacatzacuilia
0	iehoa	yehhua
0	iehoan	yehhuan
0	tachcauh	tachcauh
0	tachcauhchiuhtiuh	tachcauhchiuhtiuh
0	vtlipa	ohtlipa
0	vtlipan	ohtlipan
0	peoa	pehua
0	qujmixtlamachtia	quimixtlamachtia
0	itlahoapavalvan	itlahuapahualhuan
0	vtli	ohtli
0	qujmjlvia	quimilhuia
0	qujnchoqujztlapaloa	quinchoquiztlapalohua
0	iteiccaoan	iteiccahuan
0	injollo	inyollo
0	qujmelaquaoa	quimelacuaohua
0	nopilhoane	nopilhuane
0	tototolinja	tototolinia
0	ximellaquauacan	ximellacuahuacan
0	noteiccaoane	noteiccahuane
0	toconjttazque	toconittazque
0	ximellaquaoacan	ximellacuahuacan
0	tlaocuja	tlauhcuia
0	nentlamati	nentlamati
0	tioallaque	tihuallaque
0	toiollo	toyollo
0	ijollo	iyollo
0	chicavaque	chicahuaque
0	motlapaloa	motlapaloa
0	moteneoa	motenoa
0	ommololoa	ommololoa
0	mololoa	mololoa
0	nechicoa	nechicoa
0	teteiccaoa	teteiccahua
0	tlatoa	tlahtoa
0	tlaxeloa	tlaxeloa
0	xeloa	xeloa
0	qujcaoa	quicahua
0	mopiloa	mopiloa
0	xinechcaoa	xinechcahua
0	quicaoa	quicahua
0	motlaloa	motlaloa
0	qujqujqujmjloa	quiquiquimuloa
0	qujtepitzilacatzoa	quitepitzilacatzoa
0	tlaxoa	tlaxoa
0	ontlacuecuechcaoa	ontlacuecuechcahua
0	tlaneoa	tlanehua
0	mococoa	mococoa
0	conaoa	conahua
0	incihoa	incihua
0	caoa	cahua
0	ilpitica	ilpitica
0	topan	topan
0	toconnextizque	toconnextizque
0	tehoan	tehhuan
0	tehoatl	tehhuatl
0	quimattivi	quimattihui
0	timjqujco	timiquizo
0	oalietia	hualyetia
0	qujoalmattia	quihualmattia
0	ticoalalcaujque	ticualalcahuique
0	tiquallalotique	ticuallalotique
0	quiqujnacatica	quiquinacatica
0	iovaltica	yohualtica
0	vecauhtica	huecauhtica
0	vecauh	huecauh
0	yilpitica	yilpitica
0	iujc	ihuic
0	itech	itech
0	titotzotzonativi	titotzontzonatihui
0	tiqujntzonteconacocujco	tiquintzonteconacocuico
0	tontochochoqujlizque	tontochochoquilizque
0	totlapallo	totlapallo
0	iancujcan	yancuican
0	qujmaujcotiuj	quimahuicotihui
0	tiquinteiotico	tiquinteyotico
0	cemmaian	cemmayan
0	ticmatizque	ticmatizque
0	caco	zazo
0	tle	tle
0	qujlnamjquj	quilnamiqui
0	qujnemjti	quinemiti
0	caiac	cayac
0	mjqujztli	miquiztli
0	otomaceoaltic	otomacehualtic
0	qujcioatlamachti	quicihuatlamachti
0	totzon	totzon
0	nonoqujuhtoz	nonoquiuhtoz
0	cecemmantoz	cecemmantoz
0	atlauhtli	atlauhtli
0	ixtlahoatl	ixtlahuatl
0	quavitl	cuahuitl
0	jtlaocul	itlauhcol
0	ichoqujz	ichoquiz
0	techchoqujli	techchoquili
0	toueltiuh	tohueltiuh
0	tomach	tomach
0	totla	totla
0	tauj	tahui
0	tonca	tonca
0	quennel	quennel
0	qujn	quin
0	ieoa	yehhua
0	qujcujtiuetziz	quicuitihuetziz
0	qujjcujtiuetzi	quicuitihuetzi
0	chachalcatinemj	chachalcatinemi
0	motlalia	motlalia
0	tezco	tezzo
0	qujpixo	quipixo
0	aalacatoz	aalacatoz
0	tomjo	tomio
0	xicmotlaquammacacan	xicmotlacuammacacan
0	xicmotlatlauhtilican	xicmotlatlauhtilican
0	tiqujmjtauhcaiotico	tiquimitauhcayotico
0	tiqujntonaleoaco	tiquintonalehuaco
0	intotechiuhcaoan	tintotechiuhcahuan
0	jiaque	iyaque
0	ieeppa	iyepa
0	Yiacatecutli	Yiacatecuhtli
0	oimpan	oimpan
0	ioac	yoac
0	itzintlan	itzintlan
0	atlauhcamac	atlauhcamac
0	onmocemololoa	onmocelmololohua
0	ommotepeuhtitlalia	ommotepeuhtitlalia
0	monechicoa	monechicohua
0	qujcujtlalpia	quicuitlalpiya
0	qujcencujtlalpia	quicencuitlalpiya
0	qujcemjlpia	quicemilpiya
0	qujcemmana	quicemmana
0	jntopil	intopil
0	qujxeoaia	quixehuaya
0	inteouh	inteouh
0	ixpan	ixpan
0	mjco	mizo
0	monacaztequj	monacaztequi
0	tlacoqujxtia	tlacoquixtia
0	qujmocemmacatoque	quimocemmacatoque
0	ontlamati	ontlamati
0	itlamatia	itlamatia
0	oqujntetzauj	oquintetzahui
0	tlamaceoa	tlamacehua
0	tequjqujnatza	tequiquinatza
0	momauhcatlaloa	momauhcatlaloa
0	onoce	anoce
0	maqujca	maquiza
0	acaco	acazo
0	nemauhtiaia	nemauhtiaya
0	jnmaujzcujian	inmahuizcuiyan
0	omuchiuhca	omochiuhca
0	chachalcativitz	chachalcatihuitz
0	moteittitia	moteittitia
0	qujmachitia	quimachitia
0	achi	achi
0	achitzin	achitzin
0	aoccan	ayoccan
0	aiocmo	ayocmo
0	aocmo	ayocmo
0	aoocmo	ayocmo
0	auja	ahuia
0	catle	catle
0	ceppa	ceppa
0	imjtic	imitic
0	intech	intech
0	intetzauh	intetzauh
0	iujian	ihuiyan
0	mauhcatlaca	mauhcatlaca
0	maujztli	mahuiztli
0	nen	nen
0	nenemj	nehnemi
0	oacca	huacca
0	oalaquetza	hualaquetza
0	ommotonallalilia	ommotonallalilia
0	omochiuh	omochiuh
0	omotetzaujque	omotetzahuique
0	onmoquaahaiouja	onmocuaahaiohuia
0	qujlnamiquj	quilnamiqui
0	qujmamattiuj	quimamattihui
0	qujmati	quimati
0	qujmattiuj	quimattihui
0	qujtoca	quitoca
0	qujtoznequj	quihtoznequi
0	tlacujcujlotiuj	tlacuicuilotihui
0	tlalli	tlalli
0	tlanauhtiuj	tlanauhtihui
0	tleinmach	tleinmach
0	tonalchicaoaque	tonalchicahuaque
0	tonallapaliuj	tonallapalihui
0	itlatol	itlahtol
0	ome	ome
0	tel	tel
0	neltiz	neltiz
0	acanocomo	acanozomo
0	tlatepuzmjuja	tlatepozmihuia
0	quauhxeloaia	cuauhxelohuaya
0	campa	campa
0	caquiztia	caquiztia
0	caqujzti	caquizti
0	cenca	cenca
0	jntlamaceoaian	intlamacehuayan
0	mocaquja	mocaquiya
0	onacxoiatlalito	onacxoyatlalito
0	ontlamaceoato	ontlamacehuato
0	onuja	onhuia
0	quauhxeloa	cuauhxelohua
0	tecotlauh	tezotlauh
0	teiolmjcti	teyolmicti
0	temamauhti	temamauhti
0	tepeticpan	tepeticpan
0	mjxeoaia	mixehuaya
0	aiaxcan	ayaxcan
0	caaxitia	caaxitia
0	cacia	cacia
0	caciz	caciz
0	itetzauh	itetzauh
0	mjhiujntia	mihihuintia
0	momauh	momauh
0	momotla	momotla
0	motlapaltilia	motlapaltilia
0	nouja	nohuian
0	noujan	nohuian
0	pachiuj	pachihui
0	qujmomaca	quimomaca
0	qujnemjtia	quinemitia
0	qujteputztoca	quitepotztoca
0	qujtlacanotzaz	quitlacanotzaz
0	qujtlalochtoca	quitlalochtoca
0	qujtotoca	quitohtoca
0	momauhtianj	momauhtiani
0	elchiqujuhtlapanquj	elchiquiuhtlapanqui
0	ellapanquj	ellapanqui
0	ielchiqujuh	yelchiquiuh
0	ommonamjquj	ommonamiqui
0	ommopipiquj	ommopipiqui
0	onchachaquanj	onchachacuani
0	onmocacamapiquj	onmocacampiqui
0	oqujciammjcti	oquiciammicti
0	otlica	ohtlica
0	quechcotoctic	quechcotoctic
0	quechcotonquj	quechcotonqui
0	quechtepultic	quechtepoltic
0	qujoalmuchieltia	quihualmochiyeltia
0	qujtzticac	quitzticac
0	cacic	cacic
0	itenamac	itenamac
0	jaotlaueliloc	iyaotlahueliloc
0	mihiujntia	mihihuintia
0	necujltonolli	necuiltonolli
0	netolinjliztli	netoliniliztli
0	oquhchiotl	ocuhchiotl
0	oqujmottiti	oquimottiti
0	ouel	ohuel
0	qujcotonilia	quicotonilia
0	qujcujtiuetzi	quicuitihuetzi
0	qujmacaz	quimacaz
0	qujmaceoaltiz	quimacehualtiz
0	qujmottilia	quimottilia
0	qujmotzoltzitzquja	quimotzoltzitzquia
0	qujnemactiz	quinemactiz
0	qujtemaceoaltiaia	quitemacehualtiaya
0	qujtlaitlanjlia	quitlaitlanilia
0	qujtlalochana	quitlalochana
0	qujttac	quittac
0	tlamaliztli	tlamaliztli
0	victli	huictli
0	iaotle	yaotle
0	itoca	itoca
0	jpiltoca	ipiltoca
0	njmjtzmaca	nimitzmaca
0	njmjtzmazca	nimitzmacaz
0	njmtzmaca	nimitzmaca
0	qujluja	quilhuia
0	qujnotza	quinotza
0	qujtlacatocaiotiata	quitlacatocayotiaya
0	tenotzaia	tenotzaya
0	ticnequj	ticnequi
0	tinechnequjlia	tinechnequilia
0	Tocnjuhtze	Tocniuhtze
0	vitzitle	huitzitle
0	njmjtzan	nimitzan
0	oquimottiti	oquimottiti
0	tlalticpan	tlalticpac
0	ce	ce
0	eei	eyi
0	iavc	yauhc
0	izquj	izqui
0	jietl	iyetl
0	jollochicaoac	yollochicahuac
0	neiollaliliztli	neyollaliliztli
0	nenqujcaz	nenquicaz
0	netlamachtilli	netlamachtilli
0	oqujmacac	oquimacac
0	oqujtenevilli	oquitenehuilli
0	paqujliztli	paquiliztli
0	qujcelia	quicelia
0	qujmaca	quimaca
0	qujmaceoaltia	quimacehualtia
0	qujnezcaiotia	quinezcayotia
0	qujnjquac	quinihcuac
0	qujuelitta	quihuelitta
0	tencacatl	tenzacatl
0	tilmatli	tilmatli
0	tlalpilonj	tlapiloni
0	tlamatiuh	tlamatiuh
0	vitztli	huitztli
0	viztli	huitztli
0	xuchitl	xochitl
0	yoa	ihuan
0	iectli	iyectli
0	ivitl	ihuitl
0	ixpampa	ixpampa
0	iztac	iztac
0	jmaceoal	imacehual
0	molontica	molontica
0	nenonotzalli	nenonotzalli
0	oqujcotonjli	oquicotonili
0	otlathujc	otlathuic
0	qujcotonjlia	quicotonilia
0	qujteittitia	quiteittitia
0	qujtlatia	quitlatia
0	qujtlatlatoltia	quitlatlatoltia
0	qujtlatzcotonjlia	quitlatzcotonilia
0	tlatlatolli	tlatlatolli
0	yiollo	iyollo
0	cinjtta	conitta
0	intlacamo	intlacamo
0	tecolli	tecolli
0	tzotzomatli	tzotzomatli
0	oqujmaceoalti	oquimacehualti
0	canijo	zaniyo
0	chachapantiuh	chacapantiuh
0	ica	ica
0	icampa	icampa
0	ienoiotl	icnoyotl
0	itzin	itzin
0	itzitzin	itzitzin
0	jnacaio	inacayo
0	mauhcatlacatl	mauhcatlacatl
0	mjmjquj	mimiquiz
0	mjqujliztli	miquizliztli
0	ommaujlti	ommahuilti
0	onciammjquj	onciammiqui
0	onmocacaiauh	onmocacayauh
0	onmociauhcanequj	onmociauhcanequi
0	ontlacuecuetlaxoa	ontlacuecuetlaxoa
0	oqujmotlac	oquimotlac
0	oqujtetzauj	oquitetzahui
0	tlacujutl	tlacoyotl
0	tlatlaculli	tlatlacolli
0	ytlapantenco	itlapantenco
0	ixacalticpac	ixacalticpac
0	iquauhticpac	icuauhticpac
0	chocatia	chocatica
0	qujtotica	quitotica
0	yvin	ihuin
0	acaoatimanjz	acahuatimaniz
0	axcan	axcan
0	cacoia	cacoya
0	canaoaz	canahuaz
0	cel	cel
0	chane	chane
0	choloz	choloz
0	coxontoz	coxontoz
0	ichan	ichan
0	ieoatoc	yehuatoc
0	ipiltzin	ipiltzin
0	ipotocatoz	ipotocatoz
0	itlacauh	itlacauh
0	itoloz	itoloz
0	jcaltech	icaltech
0	jthoalli	ithualli
0	muchipa	mochipa
0	neaxixaloz	neaxixaloz
0	nemanaujloz	nemanahuiloz
0	nexixaloz	nexixaloz
0	ocatca	ocatca
0	omaxixaia	omaxixaya
0	onmoteiotico	onmoteiotico
0	ontlamamauhtico	ontlamamauhtico
0	oqujcac	oquicac
0	otlamavizmamanca	otlamahuizmamanca
0	otlatetzcaliuhtimanca	otlatetzcaliuhtimanca
0	ovetztoca	ohuetztoca
0	qujiaoatl	quiyahuatl
0	teaoaia	teyaoaya
0	tepantli	tepantli
0	tequjxqtl	tequixq'tl
0	tlaciujti	tlacihuiti
0	tlacollaxoz	tlazollaxoz
0	tlacolli	tlazolli
0	tlalmjqujz	tlalmiquiz
0	tlalpoliujz	tlalpolihuiz
0	tlamaujcoloz	tlamahuicoloz
0	tlatlatziujti	tlatlatzihuiti
0	tlaucuelontoz	tlahuehuelontoz
0	tlaujujtontoz	tlahuihuitontoz
0	xixitintoz	xixitintoz
0	mjquiz	miquiz
0	jtechpa	itechpa
0	tetzaujttoia	tetzahuittoia
0	chichtli	chichtli
0	tzatzi	tzatzi
0	cuel	cuel
0	oppa	oppa
0	expa	expa
0	tlapanjxquac	tlapanixcuac
0	calipan	calipan
0	momauhtia	momauhtia
0	motemmati	motemmati
0	otzatzic	otzatzic
0	iaotequjoa	yaotequihua
0	inteancauh	inteancauh
0	intenotzacauh	intenotzacauh
0	intitlan	intitlan
0	intlaioal	intlayohual
0	mjctecacioatl	mictecacihuatl
0	ommat	ommat
0	qujtocaiotiaia	quitocayotiaya
0	tecutli	tecuhtli
0	conjluja	conilhuia
0	monan	monan
0	mozticacalatza	mozticacalatza
0	nocne	nocne
0	ticieco	ticieco
0	tixtecocoiocpul	tixpecocoyocpol
0	toqujch	toquich
0	xitlamattiuh	xitlamattiuh
0	cihoa	cihua
0	cuix	cuix
0	cujlonpul	cuilonpol
0	iamo	yamo
0	natlitiaz	natlitiyaz
0	njiaz	niyaz
0	oticcoionj	oticcoyoni
0	tzontli	tzontli
0	xitlamatpolotiuh	xitlamatpolotiuh
0	jtenotzaliz	itenotzaliz
0	onepatilo	onepatilo
0	queleltia	queleltia
0	qujiacatzacuilia	quiyacatzacuilia
0	qujlochtia	quilochtia
0	qujntzatzilia	quintzatzilia
0	tlaujltequja	tlahuiltequia
0	cocamatl	cozamatl
0	teixpan	teixpan
0	cocatli	cozatli
0	calaqujz	calaquiz
0	calaquja	calaquia
0	calaquj	calaqui
0	qujnamjquj	quinamiqui
0	acame	acame
0	coneoaltiz	conehualtiz
0	conmonamjctiz	conmonamictiz
0	contlatolchichiujliz	contlahtolchichihuiliz
0	contlatollaqujliz	contlahtollaquiliz
0	iaz	yaz
0	iaznequj	yaznequi
0	oncholoz	oncholoz
0	oneoaz	onehuaz
0	qujiacaujltequj	quiyacahuiltequi
0	qujmjctizque	quimictizque
0	tetolinj	tetolini
0	tlaxtlapaloa	tlaxtlapalohua
0	vetzitiuh	huetzitiuh
0	cecepoca	cecepoca
0	cuecueioca	cuecueyoca
0	intenacaio	intenacayo
0	itto	itto
0	necujtiuecho	necuitihuecho
0	netlacmauhtilo	netlacmauhtilo
0	teiollitlacoa	teyollitlacohua
0	tetequjpachoa	tetequipachoa
0	ticecepoca	ticecepoca
0	ticuecueioca	ticuecueyoca
0	tiquacecepoca	ticuacecepoca
0	titocujtivetzi	titocuitihuetzi
0	tenacaio	tenacayo
0	yxtecujcujpul	ixtecuicuipol
0	coztic	coztic
0	pipitzca	pipitzca
0	mapipitzoa	mapipitzoa
0	tocujleoa	tocuilehua
0	tocujlechoa	tocuilechoa
0	chicome	chicome
0	motetxauja	motetzahuia
0	je	ye
0	vncalaquj	oncalaqui
0	mjllaca	millaca
0	mjlpan	milpan
0	tlaca	tlaca
0	macatl	mazatl
0	contocaz	contocaz
0	tochtli	tochtli
0	ivuj	ihui
0	tochtiz	tochtiz
0	macatiz	mazatiz
0	motochtiliz	motochtiliz
0	momacatiliz	momazatiliz
0	tentipontic	tentipontic
0	tentetepontic	tentetepontic
0	cujtlapiltetepontic	cuitlapiltetepontic
0	tlatlactic	tlatlactic
0	tlatlauhquj	tlatlauhqui
0	tocatl	tocatl
0	inemachpan	inemachpan
0	choloa	choloa
0	concaquj	concaqui
0	inqujualtoca	inquihualtoca
0	chachalcatiuh	chachalcatiuh
0	conciauhcaoa	conciauhcahua
0	ommonenencoa	ommonenencoa
0	ompoliuhtiuh	ompoliuhtiuh
0	canaznequj	canaznequi
0	valmonextia	hualmonextia
0	iene	yene
0	cecnj	cecni
0	tlaiequjtoca	tlayequitoca
0	pepeiocatiuh	pepeyocatih
0	jtzon	itzon
0	jtzonquen	itzonquen
0	tepan	tepan
0	matlactli	matlactli
0	etc.	etc.
0	qujmonamjctiz	quimonamictiz
0	qujtetzanuja	quitetzanhuia
0	iave	yahue
0	vetziz	huetziz
0	conana	conana
0	conaoaz	conahuaz
0	conpinauhtiz	conpinauhtiz
0	contlalia	contlalia
0	cruz	cruz
0	nauhcampa	nauhcampa
0	nepantla	nepantla
0	oittoc	oittoc
0	onchicha	onchicha
0	oqujttac	oquittac
0	qujiacanamjquj	quiyacanamiqui
0	qujquechilia	quiquechilia
0	qujtlallacujlhvia	quitlallacuilhuia
0	qujtlalxochilia	quitlalxochilia
0	qujtlatoltia	quitlatoltia
0	techan	techan
0	tla	tla
0	yiolloco	iyolloco
0	tlacuele	tlacuele
0	itztiaz	itztiyaz
0	acacomo	acazomo
0	ioioliton	yoyoliton
0	itztiuh	itztiuh
0	tlamotelchioa	tlamotelchihua
0	tlaqujioculi	tlaquiyocoli
0	toconmattiezque	toconmattiyezque
0	veixtica	hueixtica
0	toizque	toyezque
0	niman	niman
0	homaxac	omaxac
0	concaoa	concahua
0	temacehoal	temacehual
0	vctli	octli
0	tlanepantla	tlanepantla
0	chichitl	chichitl
0	contlaoantia	contlahuantia
0	centetl	centetl
0	chicunauj	chicnahui	
0	Epatl	Epatl
0	hijac	iyac
0	iolquj	yolqui
0	moxixa	moxixa
0	oncalaquj	oncalaqui
0	qujmotetzaujaia	quimotetzahuiaya
0	cacatla	zacatla
0	calla	calla
0	epatl	epatl
0	inemja	inemia
0	inentla	inentla
0	jnemjia	inemia
0	jqujcaia	iquizaya
0	memetla	memetla
0	mopilhoatia	mopilhuatia
0	nonopalla	nonopalla
0	ace	ace
0	aiauhcocamalotl	aiauhcozamalotl
0	cacoquetza	cacoquetza
0	centlalli	centlalli
0	ijel	iyel
0	jcujtlapil	icuitlapil
0	jiel	iyel
0	manj	mani
0	mocaiaoa	mocayohua
0	momana	momana
0	moteca	moteca
0	neci	neci
0	nouijan	nohuiyan
0	qujquetza	quiquetza
0	qujualiexi	quihualiexi
0	tecaoa	tecahua
0	teiacaxolocho	teyacaxolocho
0	temaoa	temahua
0	tetecaquj	tetecaqui
0	tetlaelti	tetlayelti
0	tlaalpichia	tlaalpichia
0	tlacalo	tlazalo
0	tlaxo	tlaxo
0	uel	huel
0	vetzi	huetzi
0	yiac	iyac
0	onaci	onaci
0	moquetza	moquetza
0	tetilma	tetilma
0	aci	aci
0	tepilchoa	tepilhuan
0	auel	ahuel
0	comonjz	comoniz
0	eco	eco
0	ineco	ineco
0	mjnecuj	minecui
0	onchichaz	onchichaz	
0	onchichazque	onchicazque
0	onmotempacho	onmotempachoa
0	quaztaliujz	cuaztalihuiz
0	qujntlacaoaltia	quintlacahualtia
0	yel	yel
0	jntechpa	intechpa
0	qujqujmjchtin	quiquimichtin
0	azcame	azcame
0	atlaca	atlaca
0	mocuepa	mocuepa
0	molonj	moloni
0	moputza	mopotza
0	nemacho	nemacho
0	oittoque	oittoque	
0	oqujtocaque	oquitocaque
0	otechtoqujlico	otechtoquilico
0	qujntlalia	quintlalia
0	qujntoca	quintoca
0	qujtetoqujlia	quitetoquilia
0	tecocolianj	tecocoliani
0	tecocoliliztli	tecocoliliztli
0	temjqujtlanjnj	temiquitlanini
0	temjqujztemachianj	temiquiztemachiani
0	temjqujztemachique	temiquiztemachique
0	tepoloanj	tepolohuani
0	teveijecoanj	tehueiyecohuani
0	tlamj	tlami
0	tlatlacateculo	tlatlacatecolo	
0	tlatlauhque	tlatlauhque
0	tliltique	tliltique
0	totecocolicauh	totecocolicauh
0	vecaoa	huehcahua
0	icel	icel
0	metztona	metztona
0	moteittitiaia	moteittitiaya
0	atletloc	atletloc
0	connectia	connectia
0	connequjlia	connequilhuia
0	connequjltia	connequiltia
0	icac	icac
0	ixco	ixco
0	jmjqujz	imiquiz
0	macuel	macuel
0	macuele	macuele
0	mjquj	miqui
0	monequj	monequi
0	ompopoliuj	ompopolihui	
0	qujtetzauja	quitetzahuia
0	qujtlanja	quitlania
0	teiollo	teyollo
0	tlaamana	tlaamana	
0	tlacocoa	tlacocoa
0	tlaiolqujxtia	tlayolquixtia
0	tlaqualanja	tlacualania
0	tlatequjpachoa	tlatequipachoa
0	qujtetzanvia	quitetzanhuia
0	qujualtoca	quihualtoca
0	commauhcacaoa	commauhcacahua
0	conmauhcacaoa	conmauhcacahua
0	ompolivi	ompolihui
0	muchiuhquj	mochiuhqui
0	qujcenujca	quicenhuica
0	qujcemjtoa	quicemihtoa
0	calcujatl	calcuiatl
0	tepancamac	tepancamac
0	calquac	calcuac
0	cotaloa	cotaloa
0	cotalotica	cotalotica
0	xinechnotza	xinechnotza
0	titlatoz	titlahtoz
0	amommaca	amommaca
0	onjmjtzan	onimitzan
0	njmjtzcaoaz	nimitzcahuaz
0	conmamauhtia	conmamauhtia
0	acanoço	acanozo
0	tlein	tlein
0	tlei	tlein
0	tetzauhqujmjchin	tetzauhquimichin
0	tlacaujaque	tlacahuiaque
0	qujnameti	quinameti
0	qujmjttaia	quimittaia
0	vicoz	huicoz
0	muche	moche
0	tlacaujiac	tlacahuiyac
0	jollotlapaliuj	yollotlapalihui
0	mjhivintia	mihuihuintia
0	oqujchiotl	oquichiotl
0	qujtemolia	quitemolia
0	qujteteuhtzitzquja	quiteteuhtzitzquia
0	qujtlanjlia	quitlanilia
0	tonalchicavac	tonalchicahuac
0	vitzli	huitztli
0	ahqujmamatcaoa	ahquimamatcahua	
0	amotle	amotle
0	conchicha	conchicha
0	contepachoa	contepachoa
0	cujtlatl	cuitlatl
0	iolizmatquj	yolizmatqui
0	nenonotzale	nenonotzale
0	qujcnelia	quicnelia
0	qujmotla	quimotla
0	qujtelchioa	quitelchihua
0	qujteopoa	quiteopoa
0	qujttitia	quittitia
0	qujueipoloa	quihueyipoloa
0	acito	acito
0	chice	chiche
0	cochioa	cochihua
0	coniecoa	conyecoa
0	contlalcavia	contlalcahuia
0	cotlaoa	zotlahua
0	icamac	icamac
0	icopac	icopac
0	iolmjquj	yolmiqui	
0	jcamac	icamac
0	jtemamauhtiliz	itemamauhtiliz	
0	jtlatzacujl	itlatzacuil
0	mamacouhtiuetzi	mamazouhtihuetzi
0	manenenticalaquj	manenenticalaqui
0	momati	momati
0	motlaloticalaquj	motlaloticalaqui
0	omma	omma
0	oquenteltzin	oquenteltzin
0	qujoalittaznequj	quihualittaznequi
0	qujpetlaticalaquj	quipetlaticalaqui
0	tlacacalia	tlazazalia
0	tlamach	tlamach
0	tlaoaquj	tlahuaqui	
0	tlapalti	tlapalti
0	tlapaltia	tlapaltia
0	tlapoliuj	tlapolihui
0	iollochicaoac	yollochicahuac
0	iollatlapaliuj	yollatlapaliuh
0	inecuepaliz	inecuepaliz
0	inenextiliz	inenextiliz
0	ittoia	ittoya
0	momjmjlotiuh	momimilotiuh	
0	qujqujnacatiuh	quiquinacatiuh
0	tehtentiuh	tehtentiuh
0	tetetzaujaia	tetetzahuiaya
0	iuijan	ihuiyan
0	ommomaiaujque	ommomaiahuique
0	tetlanamoelique	tetlanamohuelique
0	tinechiluja	tinechilhuia
0	qujtonalcaoaltia	quitonalcahualtia
0	qujhicavia	quihuicahuia
0	yciuhca	iciuhca
0	iaotlaueliloc	yaotlahueliloc
0	iollotlapaliuj	yollotlapalihui
0	iooalnenemj	yohualnenemi
0	iteicneliliz	iteicneliliz
0	itenemac	itenemac
0	jzquj	izqui
0	mocencaoa	mocencahua
0	momanja	momania
0	muchichioa	mochichihua
0	naoaltetemoz	nahualtetemoz
0	novijan	nohuiyan
0	qujmolhuja	quimolhuia
0	qujmottitiz	quimottitiz
0	qujtetemotinemj	quitetemotinemi
0	qujtlanjliz	quitlaniliz
0	qujtotocatinemj	quitotocatinemi
0	vchpantli	ochpantli
0	yohualtica	yohualtica
0	jn	in
0	y	y
0	qujtetemoa	quitetemoa
0	ac	ac
0	qujntlaliaia	quintlaliaya
0	qujntetoqujliaia	quintetoquiliaya
0	pipipitzca	pipipitzca
0	pipitzcaticate	pipitzcaticate
0	tzontecomatl	tzontecomatl
0	jcotzco	icotzco
0	cacapanton	cacapanton
0	chachapaton	chachapaton
0	civapiltepiton	cihuapiltepiton
0	cujtlapachton	cuitlapachton
0	icujtlacaxiuhian	icuitlacaxiuhiyan
0	onotiuh	onotiuh
0	quauhtic	cuauhtic
0	tepiton	tepiton
0	tzapaton	tzapaton
0	tzonqueme	tzonqueme
0	tzotzonqueme	tzotzonqueme
0	tzotzoquenpile	tzotzoquenpile
0	caamana	caamana
0	Ey	Ey
0	moiollo	moyollo
0	njccelia	niccelia
0	njcia	nicia
0	njmjtzmacaz	nimitzmacaz
0	oconjttac	oconittac
0	oelciciuhtinenca	ohuelciciuhtinenca
0	onentlamattinenca	onentlamattinenca
0	oqujiolpachiujti	oquiyolpachihuiti
0	qujcoa	quicohua
0	qujnequj	quinequi
0	qujtemoa	quitemoa
0	qujtlathujltia	quitlathuiltia
0	tinechitlacoa	tinechitlacoa
0	tinechmacaz	tinechmacaz
0	titlamavicoz	titlamahuicoz
0	tlalticpac	tlalticpac
0	tlathviznequj	tlahuiznequi
0	yzca	izca
0	oqujiolpachiuhcaioti	oquiyolpachiuhcayoti
0	totlalpan	totlalpan
0	iehoantin	yehhuantin
0	mexica	mexica
0	ilama	ilama
0	iequene	yequene
0	cequintin	cequintin
0	qujnmoteutiaia	quinmoteuhtitaya
0	teteuh	teteuh
0	Vitzilubuchtli	Huitzilopochtli
0	tezcatzoncatl	Tezcatzoncatl
0	ytechpa	itechpa
0	caxtolli	caxtolli
0	yiacatecutli	Iyacatecuhtli
0	inteuh	inteuh
0	xiptotec	Xipetotec
0	iaoiutl	yaohuitl
0	iaotecanj	yaotecani
0	iaotlatoanj	yaotlatoani
0	Inic	Inic
0	maceoalti	macehualti
0	malhoaz	malhuaz
0	n.	n.
0	naoalli	nahualli
0	njtoca	nitoca
0	paynal	Paynal
0	Paynal	Paynal
0	pochteca	pochteca
0	q.	q.
0	quetzalapaneca	quetzalapaneca
0	qujtlaca	quitlaza
0	qujtlamanjliaia	quitlamaniliaya
0	qujtocaia	quitocaya
0	qujtototzaia	quitototzaya
0	teixcuepanj	teixcuepani
0	tetecujca	tetecuica
0	teuatl	tehuatl
0	teutl	teotl
0	tezcatlipoca	Tezcatlipoca
0	Tezcatlipoca	Tezcatlipoca
0	tlatianj	tlatiani
0	tli.	tli.
0	vitzilubuchtli	Huitzilopochtli
0	xiuhcoatl	xiuhcoatl
0	ylhujcac	ilhuicac
0	ynemjian	inemiyan
0	ynin	inin
0	ynjc	inic
0	yntechpa	intechpa
0	tlapanauja	tlapanahuia
0	qujntlamanjliaia	quintlamaniliaya
0	mjtoaia	mihtoaya
0	tlachinolli	tlachinolli
0	qujiocoianj	quiyocoyani
0	malhoaztli	malhuaztli
0	atlacacemelle	atlacacemelle
0	ilhujqujxtiloia	ilhuiquixtiloya
0	malmjcoaia	malmicohuaya
0	tlaaltilmjcoaia	tlaaltilmicohuaya
0	tealtiaia	tealtiaya
0	matacaxe	matacaxe
0	muchichioaia	mochichihuaya
0	oiuoalle	oihualle
0	tzitzile	tzitzile
0	xiuhcoanaoale	xiuhcoanahuale
0	xiuhtlalpile	xiuhtlalpile
0	xiuhtotonacoche	xiuhtotonacoche
0	qujmoteutiaia	quimoteuhtiaya
0	uecauh	huehcauh
0	motepatillotianj	motepatillotiani
0	moteixiptlatianj	moteixiptlatiani
0	mixcoanj	mixcoani
0	iehica	yehica
0	qujmixiptlatiaia	quimixiptlatiaya
0	tlaiaoaloaia	tlayohualhuaya
0	motocaiotia	motocayotia
0	qujmotlalochtiaia	quimotlalochtiaya
0	coiohujtiuja	coyohuitihuia
0	quicaoatztiuja	quicahuatzihuia
0	quiquetztiuja	quiquetztihuia
0	qujnapalotiuja	quinapalotihuia
0	qujpototztiuja	quipototztihuia
0	qujtlalochtocaia	quitlalochtocaya
0	teuhtli	teuhtli
0	tlaixqujqujca	tlaixquiquiza
0	contlalitiuja	contlalitihuia
0	eltezcaoa	eltezcahua
0	ixcitlalichioale	ixcitlalichihuale
0	ixoacalichioale	ixhuacalichihuale
0	mixcitlalichiuh	mixcitlalichiuh
0	quetzalapanecaiutl	quetzalpanecayotl
0	teuquemetiuja	teuhquemetihuia
0	vitzitzilnaoale	huitzitzilnahuale
0	xiuhchimale	xiuhchimale
0	xiuhiacamjoa	xiuhyacamihua
0	qujtlamanjliia	quitlamaniliya
0	ey	eyi
0	mjctlan	mictlan
0	moctlan	mictlan
0	mjctlampa	mictlampa
0	mictla	mictlan
0	machoia	machoya
0	noujian	nohuiyan
0	aqualli	acualli
0	cococ	cococ
0	iautl	yaotl
0	motecaia	motecaya
0	necoc	necoc
0	nemja	nemiya
0	qujiocoiaia	quiyocoyaya
0	qujiolitiaja	quiyolitiaya
0	qujtecujtiaia	quitecuitiaya
0	qujteittitiaia	quiteittitiaya
0	qujtemoujaja	quitemohuiaya
0	tenepantla	tenepantla
0	tequequeloaia	tequequelhuaya
0	tetzala	tetzalan
0	teupouhquj	teuhpouhqui
0	qujteecaujltiaia	quiteecahuiltiaya
0	qujtemacaia	quitemacaya
0	tlatqujtl	tlatquitl
0	tiacauhiutl	tiyacauhiyotl
0	tecuiotl	tecuiyotl
0	tlatocaiutl	tlatocayotl
0	pillotl	pillotl
0	mauizcotl	mahuizzotl
0	Jnjc		Inic
0	tlamacazque	tlamacazque
0	tlamacazquj	tlamacazqui
0	tlaloc	Tlaloc
0	tlatoaia	tlahtoaya
0	qujiaujtl	quiyahuitl
0	caichoatl	caichoatl
0	qujlocoaia	quilocohuaya
0	qujtemoujaia	quitemohuiaya
0	qujpixoaia	quipixoaya
0	quijaujtl	quiyahuitl
0	teciujtl	tecioytl
0	quixotlaltiaja	quixotlaltiaya
0	qujtzmolinaltiaja	quitzmolinaltiaya
0	qujxoxuvialtiaja	quixoxohuialtiaya
0	quicueponaltiaja	quicueponaltiaya
0	quizcaltiaia	quizcaltiaya
0	cacatl	cacatl
0	tonacaiotl	tonacayotl
0	tlaujtequjliztli	tlahuitequiliztli
0	tlamjloia	tlamiloya
0	teilaqujliztli	teilaquiliztli
0	aiauhxicole	ayauhxicole
0	auachxicole	ahuachxicole
0	aztapilpane	aztapilpane
0	aztatzone	aztatzone
0	chalchiuhcozque	chalchiuhcozque
0	ixmichioauhio	ixmichihuauhyo
0	ixmjchioave	ixmichihuahue
0	motlilocac	motlilozac
0	poculcaque	pozolcaque
0	tlaixolhujlli	tlaixolhuilli
0	tlaixtlilpopotzalli	tlaixtlilpopotzalli
0	quetzalcoatl	Quetzalcoatl
0	ehecatl	ehecatl
0	tlaloque	tlaloque
0	aoaque	ahuaque
0	qujqujiauhti	quiquiyauhti
0	teiacancauh	teyacancauh
0	tlachpancauh	tlachpancauh
0	molhuja	molhuia
0	eheca	eheca
0	quaqualaca	cuacualaca
0	ycoioca	icoyoca
0	tlatlaiooa	tlatlayohua
0	tlatlalpitza	tlatlalpitza
0	tlatlatzinj	tlatlatzini
0	motlatlaueltia	motlatlahueltia
0	yujn	yohuin
0	ocelocopile	ocelocopile
0	mjxtlilpopotz	mixtlilpopotz
0	hecanechioale	hecanechyohuale
0	mizqujnechioale	mizquinechyohuale
0	tzicoliuhcanacoche	tzicoliuhcanacoche
0	teucujtlaacuechcozque	teuhcuitlaacuechcozque
0	quetzalcoxollamamale	quetzalcoxollamamale
0	ocelotzitzile	ocelotzitzile
0	icpaomjcicujle	icpaomicicuile
0	hecacozcachimale	hecacozcachimale
0	hecaujque	hecahuique
0	chiquace	chicuacen
0	cioateteu	cihuateteuh
0	qujnteutlapiqujaia	quinteuhtlapiquiaya
0	Cioacoatl	Cihuacoatl
0	tetetzaujanj	tetetzahuiani
0	icnoiutl	icnoyotl
0	temotlaia	temotlaya
0	actica	actica
0	chocatinenca	chocatinenca
0	cioatl	cihuatl
0	iautetzaujtl	yaotetzahuitl
0	iitznacoche	iitznacoche
0	iztacatla	iztacatla
0	iztaian	iztayan
0	iztazticac	iztazticac
0	jaxtlacujl	iyaxtlacuil
0	jneaxtlaoal	ineyaxtlaol
0	motenextiliaia	motenextiliaya
0	nanacoche	nanacoche
0	panj	pani
0	tecoiouhtinenca	tecoyouhtinenca
0	tecpan	tecpan
0	ycaia	icaya
0	yuj	yohui
0	yxiptla	ixiptla
0	jxaiac	ixayac
0	centlacochichiltic	centlacochichiltic
0	centlacotliltic	centlacotliltic
0	yujquatzone	ihuicuatzone
0	teucujtlanacoche	teuhcuitlanacoche
0	quechqueme	quechqueme
0	xiuhtzotzopace	xiuhtzotzopace
0	cioateutl	cihuateotl
0	coatl	coatl
0	mjxcoaia	mixcohuaya
0	qujmjxiptlatiaia	quimixiptlatiaya
0	ynenca	inenca
0	yiolca	iyolca
0	ynjoa	inyohua
0	ynqualo	incualo
0	ixtlauhxaoale	ixtlauhxahuale
0	amacale		amacale
0	axochiavipile	axochiahuipile
0	axochiacueie	axochiyacueye
0	tonalchimale	tonalchimale
0	tonatiuhchimale	tonatiuhchimale
0	vnca	oncan
0	Teteu	Teteuh
0	ynna	innan
0	Toci	Toci
0	teteu	teteuh
0	Jnna	Innan
0	qujmoteutiaja	quimoteuhtiaya
0	teitzmjnque	teitzminque
0	tetzinanque	tetzinanque
0	tetlanoqujlique	tetlanoquilique
0	teixpatique	teixpatique
0	atlan	atlan
0	cioa	cihua
0	mecatlapouhque	mecatlapouhque
0	teittanj	teittani
0	teixocujlanque	teixocuilanque
0	temjxiujtique	temixiyohuitique
0	tepillalilique	tepillalilique
0	tetlanocujlanque	tetlanocuilanque
0	tetlatlaxilique	tetlatlaxilique
0	tlaolchaiauhque	tlaolchayauhque
0	tlapouhque	tlapouhque
0	ichoantin	yehhuantin
0	qujtlatlauhtiaia	quitlatlauhtiaya
0	temazcaleque	temazcaleque
0	ypampa	ipampa
0	quitlaliliaia	quitlaliliaya
0	jxiptla	ixiptla
0	temazcalixquac	temazcalixcuac
0	temazcalteci	temazcalteci
0	coiuujaia	coyooyaya
0	ilhujqujxtililoia	ilhuiquixtililoya
0	imjquiztequippa	imiquiztequippa
0	momjquizquequeloaia	momiquizquequelohuaya
0	moquetzaia	moquetzaya
0	netlauhtiloia	netlauhtiloya
0	netlauizmacoia	netlahuizmacoya
0	queelelqujxtiaia	queyelelquixtiaya
0	qujceceltiaia	quiceceltiaya
0	qujiaochioaia	quiyaochihuaya
0	qujmjliuhca	quimiliuhca
0	qujmotzacujlitiuja	quimotzacuilitihuia
0	qujnecaliltiaia	quinecaliltiaya
0	qujnpotonjaia	quinpotoniaya
0	qujnticaujaia	quinticahuiaya
0	qujtlacaoachiliaia	quitlacahuachiliaya
0	qujtlanenectiaia	quitlanenectiaya
0	qujtlanenequjltiaia	quitlanenequiltiaya
0	qujtlaoculpopoloaia	quitlaoculpopoloaya
0	qujtlatlahtitiaia	quitlatlahtitiaya
0	tiiacaoa	tiyacahua
0	titici	titici
0	tlauiznextiloia	tlahuiznextiloya
0	amacalli	amacalli
0	contlaliaia	contlaliaya
0	jeoaio	iyehuayo
0	mahmalacaquetzallo	mahmalacaquetzallo
0	memecamaxtli	memecamaxtli
0	moticauique	moticahuique
0	motlotloujtecque	motlotlohuitecque
0	oalmoquetxaia	hualmoquetzaya
0	onmaqujaia	onmaquiaya
0	onmjc	onmic
0	pepetlauhtiuj	pepetlauhtihui
0	quauhtlapechco	cuauhtlapechco
0	qujmama	quimama
0	qujtzatzacutiujia	quitzatzacotihuiya
0	qujujcaia	quihuicaya
0	tocititlan	tocititlan
0	ycuexoa	icuexohua
0	ynnepantla	innepantla
0	citlalcueie	citlalcueye
0	citlalli	citlalli
0	coiatemale	coyatemale
0	cuechcueie	cuechcueye
0	ichcaxochioa	ichcaxochihua
0	izqujce	izquice
0	jcamapa	icamapa
0	jchimal	ichimal
0	juipil	ihuipil
0	mocuechcueti	mocuechcueti
0	motenolcopi	motenolcopi
0	nechichioale	nechichihuale
0	popoa	popoa
0	quauhteuitzco	cuauhtehuitzzo
0	quauhtzetzeliuhquj	cuauhtzetzeliuhqui
0	quavihujio	cuahuihuiyo
0	quavivih	cuahuihuih
0	qujmotlatlalili	quimotlatlalili
0	teucujtlaytixapo	tecuitlaytixapo
0	tlaxapuchtli	tlaxapochtli
0	totoicxiio	totoicxiyo
0	tzetzeliuhquj	tzetzeliuhqui
0	ycue	icue
0	tena	tenan
0	Tzaputla	Tzapotlan
